trip_id,stop_sequence,stop_id,arrival_time,departure_time
6414379-07_A_49_0710_22:40-SETP2025-07-L-Ma-J-V-41,0,447,,1757364000
6414379-07_A_49_0710_22:40-SETP2025-07-L-Ma-J-V-41,1,1593,1757364048,1757364048
6414379-07_A_49_0710_22:40-SETP2025-07-L-Ma-J-V-41,2,1054,1757364119,1757364119
6414379-07_A_49_0710_22:40-SETP2025-07-L-Ma-J-V-41,3,908,1757364169,1757364169
6414379-07_A_49_0710_22:40-SETP2025-07-L-Ma-J-V-41,4,233,1757364222,1757364222
6414379-07_A_49_0710_22:40-SETP2025-07-L-Ma-J-V-41,5,2665,1757364279,1757364279
6414379-07_A_49_0710_22:40-SETP2025-07-L-Ma-J-V-41,6,868,1757364373,1757364373
6414379-07_A_49_0710_22:40-SETP2025-07-L-Ma-J-V-41,7,2861,1757364420,1757364420
6414379-07_A_49_0710_22:40-SETP2025-07-L-Ma-J-V-41,8,1198,1757364540,1757364540
6414379-07_A_49_0710_22:40-SETP2025-07-L-Ma-J-V-41,9,1199,1757364579,1757364579
6414379-07_A_49_0710_22:40-SETP2025-07-L-Ma-J-V-41,10,548,1757364599,1757364599
6414379-07_A_49_0710_22:40-SETP2025-07-L-Ma-J-V-41,11,247,1757364660,1757364660
6414379-07_A_49_0710_22:40-SETP2025-07-L-Ma-J-V-41,12,275,,1757364713
6414379-07_A_49_0710_22:40-SETP2025-07-L-Ma-J-V-41,13,1302,,1757364830
6414379-07_A_49_0710_22:40-SETP2025-07-L-Ma-J-V-41,14,1073,1757364960,1757364960
6414379-07_A_49_0710_22:40-SETP2025-07-L-Ma-J-V-41,15,557,1757365055,1757365055
6414379-07_A_49_0710_22:40-SETP2025-07-L-Ma-J-V-41,16,1281,1757365119,1757365119
6414379-07_A_49_0710_22:40-SETP2025-07-L-Ma-J-V-41,17,67,,1757365200
6414379-07_A_49_0710_22:40-SETP2025-07-L-Ma-J-V-41,18,480,1757365346,1757365346
6414379-07_A_49_0710_22:40-SETP2025-07-L-Ma-J-V-41,19,117,1757365399,1757365399
6414379-07_A_49_0710_22:40-SETP2025-07-L-Ma-J-V-41,20,1153,,1757365440
6414379-07_A_49_0710_22:40-SETP2025-07-L-Ma-J-V-41,21,314,1757365508,1757365508
6414379-07_A_49_0710_22:40-SETP2025-07-L-Ma-J-V-41,22,87,1757365589,1757365589
6414379-07_A_49_0710_22:40-SETP2025-07-L-Ma-J-V-41,23,703,1757365685,1757365685
6414379-07_A_49_0710_22:40-SETP2025-07-L-Ma-J-V-41,24,701,1757365740,
6368768-09_R_99_0905_23:00-PROJET2025-09-Semaine-35,0,2968,,1757365200
6368768-09_R_99_0905_23:00-PROJET2025-09-Semaine-35,1,5246,1757365408,1757365408
6368768-09_R_99_0905_23:00-PROJET2025-09-Semaine-35,2,5073,1757365500,1757365500
6368768-09_R_99_0905_23:00-PROJET2025-09-Semaine-35,3,5087,1757365579,1757365579
6368768-09_R_99_0905_23:00-PROJET2025-09-Semaine-35,4,4105,1757365688,1757365688
6368768-09_R_99_0905_23:00-PROJET2025-09-Semaine-35,5,4159,,1757365729
6368768-09_R_99_0905_23:00-PROJET2025-09-Semaine-35,6,4102,1757365788,1757365788
6368768-09_R_99_0905_23:00-PROJET2025-09-Semaine-35,7,4098,1757365860,1757365860
6368768-09_R_99_0905_23:00-PROJET2025-09-Semaine-35,8,4109,1757365923,1757365923
6368768-09_R_99_0905_23:00-PROJET2025-09-Semaine-35,9,4061,1757365998,1757365998
6368768-09_R_99_0905_23:00-PROJET2025-09-Semaine-35,10,4138,1757366082,1757366082
6368768-09_R_99_0905_23:00-PROJET2025-09-Semaine-35,11,4144,,1757366160
6368768-09_R_99_0905_23:00-PROJET2025-09-Semaine-35,12,4001,1757366215,1757366215
6368768-09_R_99_0905_23:00-PROJET2025-09-Semaine-35,13,4003,1757366254,1757366254
6368768-09_R_99_0905_23:00-PROJET2025-09-Semaine-35,14,4304,,1757366279
6368768-09_R_99_0905_23:00-PROJET2025-09-Semaine-35,15,4029,1757366309,1757366309
6368768-09_R_99_0905_23:00-PROJET2025-09-Semaine-35,16,4023,1757366435,1757366435
6368768-09_R_99_0905_23:00-PROJET2025-09-Semaine-35,17,4063,1757366487,1757366487
6368768-09_R_99_0905_23:00-PROJET2025-09-Semaine-35,18,4270,1757366535,1757366535
6368768-09_R_99_0905_23:00-PROJET2025-09-Semaine-35,19,4269,,1757366598
6368768-09_R_99_0905_23:00-PROJET2025-09-Semaine-35,20,4272,1757366700,1757366700
6368768-09_R_99_0905_23:00-PROJET2025-09-Semaine-35,21,3076,1757367012,1757367012
6368768-09_R_99_0905_23:00-PROJET2025-09-Semaine-35,22,3022,1757367054,1757367054
6368768-09_R_99_0905_23:00-PROJET2025-09-Semaine-35,23,3254,1757367083,1757367083
6368768-09_R_99_0905_23:00-PROJET2025-09-Semaine-35,24,3238,1757367126,1757367126
6368768-09_R_99_0905_23:00-PROJET2025-09-Semaine-35,25,3233,1757367254,1757367254
6368768-09_R_99_0905_23:00-PROJET2025-09-Semaine-35,26,3059,1757367282,1757367282
6368768-09_R_99_0905_23:00-PROJET2025-09-Semaine-35,27,3146,1757367300,
6414372-07_R_97_0701_23:00-SETP2025-07-L-Ma-J-V-41,0,701,,1757365200
6414372-07_R_97_0701_23:00-SETP2025-07-L-Ma-J-V-41,1,909,1757365252,1757365252
6414372-07_R_97_0701_23:00-SETP2025-07-L-Ma-J-V-41,2,86,1757365320,1757365320
6414372-07_R_97_0701_23:00-SETP2025-07-L-Ma-J-V-41,3,313,1757365368,1757365368
6414372-07_R_97_0701_23:00-SETP2025-07-L-Ma-J-V-41,4,1148,1757365440,1757365440
6414372-07_R_97_0701_23:00-SETP2025-07-L-Ma-J-V-41,5,118,1757365474,1757365474
6414372-07_R_97_0701_23:00-SETP2025-07-L-Ma-J-V-41,6,1457,1757365535,1757365535
6414372-07_R_97_0701_23:00-SETP2025-07-L-Ma-J-V-41,7,1250,,1757365620
6414372-07_R_97_0701_23:00-SETP2025-07-L-Ma-J-V-41,8,55,1757365687,1757365687
6414372-07_R_97_0701_23:00-SETP2025-07-L-Ma-J-V-41,9,2870,1757365731,1757365731
6414372-07_R_97_0701_23:00-SETP2025-07-L-Ma-J-V-41,10,2766,1757365800,1757365800
6414372-07_R_97_0701_23:00-SETP2025-07-L-Ma-J-V-41,11,556,,1757365860
6414372-07_R_97_0701_23:00-SETP2025-07-L-Ma-J-V-41,12,2,1757365952,1757365952
6414372-07_R_97_0701_23:00-SETP2025-07-L-Ma-J-V-41,13,249,1757366008,1757366008
6414372-07_R_97_0701_23:00-SETP2025-07-L-Ma-J-V-41,14,26,1757366100,1757366100
6414372-07_R_97_0701_23:00-SETP2025-07-L-Ma-J-V-41,15,775,1757366194,1757366194
6414372-07_R_97_0701_23:00-SETP2025-07-L-Ma-J-V-41,16,1009,1757366265,1757366265
6414372-07_R_97_0701_23:00-SETP2025-07-L-Ma-J-V-41,17,655,1757366328,1757366328
6414372-07_R_97_0701_23:00-SETP2025-07-L-Ma-J-V-41,18,466,1757366460,1757366460
6414372-07_R_97_0701_23:00-SETP2025-07-L-Ma-J-V-41,19,640,1757366520,1757366520
6414372-07_R_97_0701_23:00-SETP2025-07-L-Ma-J-V-41,20,869,1757366564,1757366564
6414372-07_R_97_0701_23:00-SETP2025-07-L-Ma-J-V-41,21,1185,1757366640,1757366640
6414372-07_R_97_0701_23:00-SETP2025-07-L-Ma-J-V-41,22,1070,1757366692,1757366692
6414372-07_R_97_0701_23:00-SETP2025-07-L-Ma-J-V-41,23,570,1757366741,1757366741
6414372-07_R_97_0701_23:00-SETP2025-07-L-Ma-J-V-41,24,1087,1757366775,1757366775
6414372-07_R_97_0701_23:00-SETP2025-07-L-Ma-J-V-41,25,851,1757366820,1757366820
6414372-07_R_97_0701_23:00-SETP2025-07-L-Ma-J-V-41,26,1065,1757366880,
6452975-T1_A_12_VT113_22:30-SETP2025-L1-Semaine-04,0,2517,,1757363400
6452975-T1_A_12_VT113_22:30-SETP2025-L1-Semaine-04,1,2507,1757363520,1757363520
6452975-T1_A_12_VT113_22:30-SETP2025-L1-Semaine-04,2,2519,1757363640,1757363640
6452975-T1_A_12_VT113_22:30-SETP2025-L1-Semaine-04,3,2513,1757363700,1757363700
6452975-T1_A_12_VT113_22:30-SETP2025-L1-Semaine-04,4,2539,1757363820,1757363820
6452975-T1_A_12_VT113_22:30-SETP2025-L1-Semaine-04,5,2503,1757363940,1757363940
6452975-T1_A_12_VT113_22:30-SETP2025-L1-Semaine-04,6,2520,1757364000,1757364000
6452975-T1_A_12_VT113_22:30-SETP2025-L1-Semaine-04,7,2510,1757364120,1757364120
6452975-T1_A_12_VT113_22:30-SETP2025-L1-Semaine-04,8,2514,1757364240,1757364240
6452975-T1_A_12_VT113_22:30-SETP2025-L1-Semaine-04,9,2522,1757364360,1757364360
6452975-T1_A_12_VT113_22:30-SETP2025-L1-Semaine-04,10,2525,1757364480,1757364480
6452975-T1_A_12_VT113_22:30-SETP2025-L1-Semaine-04,11,2505,1757364540,1757364540
6452975-T1_A_12_VT113_22:30-SETP2025-L1-Semaine-04,12,1407,1757364660,1757364660
6452975-T1_A_12_VT113_22:30-SETP2025-L1-Semaine-04,13,2501,1757364780,1757364780
6452975-T1_A_12_VT113_22:30-SETP2025-L1-Semaine-04,14,2527,1757364900,1757364900
6452975-T1_A_12_VT113_22:30-SETP2025-L1-Semaine-04,15,2540,1757365020,1757365020
6452975-T1_A_12_VT113_22:30-SETP2025-L1-Semaine-04,16,2534,1757365080,1757365080
6452975-T1_A_12_VT113_22:30-SETP2025-L1-Semaine-04,17,2536,1757365200,1757365200
6452975-T1_A_12_VT113_22:30-SETP2025-L1-Semaine-04,18,2542,1757365260,1757365260
6452975-T1_A_12_VT113_22:30-SETP2025-L1-Semaine-04,19,2532,1757365380,1757365380
6452975-T1_A_12_VT113_22:30-SETP2025-L1-Semaine-04,20,2528,1757365500,1757365500
6452555-T1_A_12_VT118_22:45-SETP2025-L1-Semaine-04,0,2517,,1757364300
6452555-T1_A_12_VT118_22:45-SETP2025-L1-Semaine-04,1,2507,1757364420,1757364420
6452555-T1_A_12_VT118_22:45-SETP2025-L1-Semaine-04,2,2519,1757364540,1757364540
6452555-T1_A_12_VT118_22:45-SETP2025-L1-Semaine-04,3,2513,1757364600,1757364600
6452555-T1_A_12_VT118_22:45-SETP2025-L1-Semaine-04,4,2539,1757364720,1757364720
6452555-T1_A_12_VT118_22:45-SETP2025-L1-Semaine-04,5,2503,1757364840,1757364840
6452555-T1_A_12_VT118_22:45-SETP2025-L1-Semaine-04,6,2520,1757364900,1757364900
6452555-T1_A_12_VT118_22:45-SETP2025-L1-Semaine-04,7,2510,1757365020,1757365020
6452555-T1_A_12_VT118_22:45-SETP2025-L1-Semaine-04,8,2514,1757365140,1757365140
6452555-T1_A_12_VT118_22:45-SETP2025-L1-Semaine-04,9,2522,1757365260,1757365260
6452555-T1_A_12_VT118_22:45-SETP2025-L1-Semaine-04,10,2525,1757365380,1757365380
6452555-T1_A_12_VT118_22:45-SETP2025-L1-Semaine-04,11,2505,1757365440,1757365440
6452555-T1_A_12_VT118_22:45-SETP2025-L1-Semaine-04,12,1407,1757365560,1757365560
6452555-T1_A_12_VT118_22:45-SETP2025-L1-Semaine-04,13,2501,1757365680,1757365680
6428368-60_R_99_6003_22:20-PROJET2025-60-Semaine-08,9,608,1757362996,1757362996
6428368-60_R_99_6003_22:20-PROJET2025-60-Semaine-08,10,840,1757363025,1757363025
6428368-60_R_99_6003_22:20-PROJET2025-60-Semaine-08,11,813,1757363025,1757363025
6428368-60_R_99_6003_22:20-PROJET2025-60-Semaine-08,12,566,1757363056,1757363056
6428368-60_R_99_6003_22:20-PROJET2025-60-Semaine-08,13,601,1757363085,1757363085
6428368-60_R_99_6003_22:20-PROJET2025-60-Semaine-08,14,979,1757363145,1757363145
6428368-60_R_99_6003_22:20-PROJET2025-60-Semaine-08,15,1123,1757363213,1757363213
6428368-60_R_99_6003_22:20-PROJET2025-60-Semaine-08,16,790,1757363229,1757363229
6428368-60_R_99_6003_22:20-PROJET2025-60-Semaine-08,17,1419,1757363244,1757363244
6428368-60_R_99_6003_22:20-PROJET2025-60-Semaine-08,18,620,1757363282,1757363282
6428368-60_R_99_6003_22:20-PROJET2025-60-Semaine-08,19,1135,1757363313,1757363313
6428368-60_R_99_6003_22:20-PROJET2025-60-Semaine-08,20,173,1757363333,1757363333
6428368-60_R_99_6003_22:20-PROJET2025-60-Semaine-08,21,153,1757363361,1757363361
6428368-60_R_99_6003_22:20-PROJET2025-60-Semaine-08,22,1119,1757363422,1757363422
6428368-60_R_99_6003_22:20-PROJET2025-60-Semaine-08,23,178,,1757363509
6428368-60_R_99_6003_22:20-PROJET2025-60-Semaine-08,24,2997,1757363563,
6368773-09_A_50_0901_22:30-PROJET2025-09-Semaine-35,0,3146,,1757363400
6368773-09_A_50_0901_22:30-PROJET2025-09-Semaine-35,1,3239,1757363426,1757363426
6368773-09_A_50_0901_22:30-PROJET2025-09-Semaine-35,2,3058,1757363448,1757363448
6368773-09_A_50_0901_22:30-PROJET2025-09-Semaine-35,3,3026,1757363574,1757363574
6368773-09_A_50_0901_22:30-PROJET2025-09-Semaine-35,4,3078,1757363615,1757363615
6368773-09_A_50_0901_22:30-PROJET2025-09-Semaine-35,5,3023,1757363644,1757363644
6368773-09_A_50_0901_22:30-PROJET2025-09-Semaine-35,6,3077,1757363683,1757363683
6368773-09_A_50_0901_22:30-PROJET2025-09-Semaine-35,7,4085,1757363820,1757363820
6368773-09_A_50_0901_22:30-PROJET2025-09-Semaine-35,8,4273,1757364000,1757364000
6368773-09_A_50_0901_22:30-PROJET2025-09-Semaine-35,9,4269,,1757364045
6368773-09_A_50_0901_22:30-PROJET2025-09-Semaine-35,10,4271,1757364093,1757364093
6368773-09_A_50_0901_22:30-PROJET2025-09-Semaine-35,11,4274,1757364153,1757364153
6368773-09_A_50_0901_22:30-PROJET2025-09-Semaine-35,12,4236,,1757364227
6368773-09_A_50_0901_22:30-PROJET2025-09-Semaine-35,13,4030,1757364358,1757364358
6368773-09_A_50_0901_22:30-PROJET2025-09-Semaine-35,14,4323,1757364373,1757364373
6368773-09_A_50_0901_22:30-PROJET2025-09-Semaine-35,15,4010,1757364442,1757364442
6368773-09_A_50_0901_22:30-PROJET2025-09-Semaine-35,16,4083,1757364487,1757364487
6368773-09_A_50_0901_22:30-PROJET2025-09-Semaine-35,17,4149,,1757364601
6368773-09_A_50_0901_22:30-PROJET2025-09-Semaine-35,18,4137,1757364616,1757364616
6368773-09_A_50_0901_22:30-PROJET2025-09-Semaine-35,19,4060,1757364739,1757364739
6368773-09_A_50_0901_22:30-PROJET2025-09-Semaine-35,20,4108,1757364804,1757364804
6368773-09_A_50_0901_22:30-PROJET2025-09-Semaine-35,21,4100,1757364841,1757364841
6368773-09_A_50_0901_22:30-PROJET2025-09-Semaine-35,22,4101,1757364900,1757364900
6368773-09_A_50_0901_22:30-PROJET2025-09-Semaine-35,23,4158,,1757364956
6368773-09_A_50_0901_22:30-PROJET2025-09-Semaine-35,24,4106,1757365013,1757365013
6368773-09_A_50_0901_22:30-PROJET2025-09-Semaine-35,25,5138,1757365058,1757365058
6368773-09_A_50_0901_22:30-PROJET2025-09-Semaine-35,26,5136,1757365095,1757365095
6368773-09_A_50_0901_22:30-PROJET2025-09-Semaine-35,27,5072,1757365156,1757365156
6368773-09_A_50_0901_22:30-PROJET2025-09-Semaine-35,28,5221,1757365221,1757365221
6368773-09_A_50_0901_22:30-PROJET2025-09-Semaine-35,29,5220,1757365261,1757365261
6368773-09_A_50_0901_22:30-PROJET2025-09-Semaine-35,30,2971,1757365561,
6414380-07_A_49_0701_23:29-SETP2025-07-L-Ma-J-V-41,0,447,,1757366940
6414380-07_A_49_0701_23:29-SETP2025-07-L-Ma-J-V-41,1,1593,1757366981,1757366981
6414380-07_A_49_0701_23:29-SETP2025-07-L-Ma-J-V-41,2,1054,1757367042,1757367042
6414380-07_A_49_0701_23:29-SETP2025-07-L-Ma-J-V-41,3,908,1757367085,1757367085
6414380-07_A_49_0701_23:29-SETP2025-07-L-Ma-J-V-41,4,233,1757367131,1757367131
6414380-07_A_49_0701_23:29-SETP2025-07-L-Ma-J-V-41,5,2665,1757367180,1757367180
6414380-07_A_49_0701_23:29-SETP2025-07-L-Ma-J-V-41,6,868,1757367260,1757367260
6414380-07_A_49_0701_23:29-SETP2025-07-L-Ma-J-V-41,7,2861,1757367300,1757367300
6414380-07_A_49_0701_23:29-SETP2025-07-L-Ma-J-V-41,8,1198,1757367420,1757367420
6414380-07_A_49_0701_23:29-SETP2025-07-L-Ma-J-V-41,9,1199,1757367459,1757367459
6414380-07_A_49_0701_23:29-SETP2025-07-L-Ma-J-V-41,10,548,1757367479,1757367479
6414380-07_A_49_0701_23:29-SETP2025-07-L-Ma-J-V-41,11,247,1757367540,1757367540
6414380-07_A_49_0701_23:29-SETP2025-07-L-Ma-J-V-41,12,275,,1757367583
6414380-07_A_49_0701_23:29-SETP2025-07-L-Ma-J-V-41,13,1302,,1757367677
6414380-07_A_49_0701_23:29-SETP2025-07-L-Ma-J-V-41,14,1073,1757367780,1757367780
6414380-07_A_49_0701_23:29-SETP2025-07-L-Ma-J-V-41,15,557,1757367851,1757367851
6414380-07_A_49_0701_23:29-SETP2025-07-L-Ma-J-V-41,16,1281,1757367899,1757367899
6414380-07_A_49_0701_23:29-SETP2025-07-L-Ma-J-V-41,17,67,,1757367960
6414380-07_A_49_0701_23:29-SETP2025-07-L-Ma-J-V-41,18,480,1757368106,1757368106
6414380-07_A_49_0701_23:29-SETP2025-07-L-Ma-J-V-41,19,117,1757368159,1757368159
6414380-07_A_49_0701_23:29-SETP2025-07-L-Ma-J-V-41,20,1153,,1757368200
6414380-07_A_49_0701_23:29-SETP2025-07-L-Ma-J-V-41,21,314,1757368268,1757368268
6414380-07_A_49_0701_23:29-SETP2025-07-L-Ma-J-V-41,22,87,1757368349,1757368349
6414380-07_A_49_0701_23:29-SETP2025-07-L-Ma-J-V-41,23,703,1757368445,1757368445
6414380-07_A_49_0701_23:29-SETP2025-07-L-Ma-J-V-41,24,701,1757368500,
6446416-05_R_50_0506_23:40-SETP2025-05-L-Ma-J-V-38,0,1145,,1757367600
6446416-05_R_50_0506_23:40-SETP2025-05-L-Ma-J-V-38,1,299,1757367639,1757367639
6446416-05_R_50_0506_23:40-SETP2025-05-L-Ma-J-V-38,2,230,1757367668,1757367668
6446416-05_R_50_0506_23:40-SETP2025-05-L-Ma-J-V-38,3,1211,1757367693,1757367693
6446416-05_R_50_0506_23:40-SETP2025-05-L-Ma-J-V-38,4,73,1757367723,1757367723
6446416-05_R_50_0506_23:40-SETP2025-05-L-Ma-J-V-38,5,199,,1757367780
6446416-05_R_50_0506_23:40-SETP2025-05-L-Ma-J-V-38,6,66,1757367817,1757367817
6446416-05_R_50_0506_23:40-SETP2025-05-L-Ma-J-V-38,7,1094,1757367863,1757367863
6446416-05_R_50_0506_23:40-SETP2025-05-L-Ma-J-V-38,8,46,1757367900,1757367900
6446416-05_R_50_0506_23:40-SETP2025-05-L-Ma-J-V-38,9,1104,1757367977,1757367977
6446416-05_R_50_0506_23:40-SETP2025-05-L-Ma-J-V-38,10,378,1757368021,1757368021
6446416-05_R_50_0506_23:40-SETP2025-05-L-Ma-J-V-38,11,729,1757368050,1757368050
6446416-05_R_50_0506_23:40-SETP2025-05-L-Ma-J-V-38,12,1164,1757368092,1757368092
6446416-05_R_50_0506_23:40-SETP2025-05-L-Ma-J-V-38,13,966,1757368143,1757368143
6446416-05_R_50_0506_23:40-SETP2025-05-L-Ma-J-V-38,14,1160,1757368188,1757368188
6446416-05_R_50_0506_23:40-SETP2025-05-L-Ma-J-V-38,15,322,1757368260,1757368260
6446416-05_R_50_0506_23:40-SETP2025-05-L-Ma-J-V-38,16,2923,1757368380,1757368380
6446416-05_R_50_0506_23:40-SETP2025-05-L-Ma-J-V-38,17,1434,1757368440,
6170738-L3_A_48__22:00-JANV2025-L3-Semaine-09,11,2622,1757363077,1757363100
6170738-L3_A_48__22:00-JANV2025-L3-Semaine-09,12,2768,1757363130,1757363130
6170738-L3_A_48__22:00-JANV2025-L3-Semaine-09,13,2769,1757363370,1757363370
6170738-L3_A_48__22:00-JANV2025-L3-Semaine-09,14,2618,1757363430,1757363430
6170738-L3_A_48__22:00-JANV2025-L3-Semaine-09,15,2616,1757363610,1757363610
6170738-L3_A_48__22:00-JANV2025-L3-Semaine-09,16,2614,1757363730,1757363730
6170738-L3_A_48__22:00-JANV2025-L3-Semaine-09,17,2770,1757363790,1757363790
6170738-L3_A_48__22:00-JANV2025-L3-Semaine-09,18,2610,1757363910,1757363910
6170738-L3_A_48__22:00-JANV2025-L3-Semaine-09,19,2608,1757363992,1757363992
6170738-L3_A_48__22:00-JANV2025-L3-Semaine-09,20,2606,1757364117,1757364117
6170738-L3_A_48__22:00-JANV2025-L3-Semaine-09,21,2604,1757364210,1757364210
6170738-L3_A_48__22:00-JANV2025-L3-Semaine-09,22,2644,1757364330,
6170484-L2_A_49__22:20-JANV2025-L2-Semaine-09,1,2630,1757363220,1757363220
6170484-L2_A_49__22:20-JANV2025-L2-Semaine-09,2,2767,1757363400,1757363400
6170484-L2_A_49__22:20-JANV2025-L2-Semaine-09,3,2771,1757363520,1757363520
6170484-L2_A_49__22:20-JANV2025-L2-Semaine-09,4,2624,1757363640,1757363640
6170484-L2_A_49__22:20-JANV2025-L2-Semaine-09,5,2622,1757363700,1757363700
6170484-L2_A_49__22:20-JANV2025-L2-Semaine-09,6,2768,1757363760,1757363760
6170484-L2_A_49__22:20-JANV2025-L2-Semaine-09,7,2769,1757364000,1757364000
6170484-L2_A_49__22:20-JANV2025-L2-Semaine-09,8,2618,1757364060,1757364060
6170484-L2_A_49__22:20-JANV2025-L2-Semaine-09,9,2616,1757364240,1757364240
6170484-L2_A_49__22:20-JANV2025-L2-Semaine-09,10,2614,1757364360,1757364360
6170484-L2_A_49__22:20-JANV2025-L2-Semaine-09,11,2770,1757364420,1757364420
6170484-L2_A_49__22:20-JANV2025-L2-Semaine-09,12,2610,1757364540,1757364540
6170484-L2_A_49__22:20-JANV2025-L2-Semaine-09,13,2608,1757364660,1757364660
6170484-L2_A_49__22:20-JANV2025-L2-Semaine-09,14,2606,1757364780,1757364780
6170484-L2_A_49__22:20-JANV2025-L2-Semaine-09,15,2604,1757364863,1757364863
6402598-32_A_48_3202_22:15-SETP2025-32-Semaine-34,10,198,1757363024,1757363024
6005421-B_A_50_VTB04_22:20-JANV2025-B-Semaine-03,2,2633,1757363012,1757363037
6005421-B_A_50_VTB04_22:20-JANV2025-B-Semaine-03,3,2779,1757363174,1757363174
6005421-B_A_50_VTB04_22:20-JANV2025-B-Semaine-03,4,2629,1757363294,1757363294
6005421-B_A_50_VTB04_22:20-JANV2025-B-Semaine-03,5,2812,1757363474,
6409669-57_R_99_5709_22:35-SETP2025-57-Semaine-06,0,2826,,1757363700
6409669-57_R_99_5709_22:35-SETP2025-57-Semaine-06,1,773,1757363734,1757363734
6409669-57_R_99_5709_22:35-SETP2025-57-Semaine-06,2,800,,1757363765
6409669-57_R_99_5709_22:35-SETP2025-57-Semaine-06,3,509,1757363811,1757363811
6409669-57_R_99_5709_22:35-SETP2025-57-Semaine-06,4,525,1757363831,1757363831
6409669-57_R_99_5709_22:35-SETP2025-57-Semaine-06,5,712,,1757363909
6409669-57_R_99_5709_22:35-SETP2025-57-Semaine-06,6,363,1757363940,1757363940
6409669-57_R_99_5709_22:35-SETP2025-57-Semaine-06,7,708,1757363999,1757363999
6409669-57_R_99_5709_22:35-SETP2025-57-Semaine-06,8,709,,1757364045
6409669-57_R_99_5709_22:35-SETP2025-57-Semaine-06,9,937,1757364120,1757364120
6409669-57_R_99_5709_22:35-SETP2025-57-Semaine-06,10,1247,,1757364180
6409669-57_R_99_5709_22:35-SETP2025-57-Semaine-06,11,2988,1757364262,1757364262
6409669-57_R_99_5709_22:35-SETP2025-57-Semaine-06,12,326,1757364300,1757364300
6409669-57_R_99_5709_22:35-SETP2025-57-Semaine-06,13,304,,1757364422
6409669-57_R_99_5709_22:35-SETP2025-57-Semaine-06,14,479,1757364455,1757364455
6409669-57_R_99_5709_22:35-SETP2025-57-Semaine-06,15,1063,,1757364480
6409669-57_R_99_5709_22:35-SETP2025-57-Semaine-06,16,1349,,1757364562
6409669-57_R_99_5709_22:35-SETP2025-57-Semaine-06,17,1017,,1757364635
6409669-57_R_99_5709_22:35-SETP2025-57-Semaine-06,18,1297,,1757364725
6409669-57_R_99_5709_22:35-SETP2025-57-Semaine-06,19,458,1757364813,1757364813
6409669-57_R_99_5709_22:35-SETP2025-57-Semaine-06,20,457,1757364840,1757364840
6409669-57_R_99_5709_22:35-SETP2025-57-Semaine-06,21,48,1757364885,1757364885
6409669-57_R_99_5709_22:35-SETP2025-57-Semaine-06,22,986,1757364971,1757364971
6409669-57_R_99_5709_22:35-SETP2025-57-Semaine-06,23,1354,1757365020,1757365020
6409669-57_R_99_5709_22:35-SETP2025-57-Semaine-06,24,2803,,1757365109
6409669-57_R_99_5709_22:35-SETP2025-57-Semaine-06,25,1179,,1757365183
6409669-57_R_99_5709_22:35-SETP2025-57-Semaine-06,26,14,1757365260,1757365260
6409669-57_R_99_5709_22:35-SETP2025-57-Semaine-06,27,1381,1757365306,1757365306
6409669-57_R_99_5709_22:35-SETP2025-57-Semaine-06,28,312,1757365386,1757365386
6409669-57_R_99_5709_22:35-SETP2025-57-Semaine-06,29,148,1757365566,1757365566
6409669-57_R_99_5709_22:35-SETP2025-57-Semaine-06,30,98,1757365625,1757365625
6409669-57_R_99_5709_22:35-SETP2025-57-Semaine-06,31,86,1757365696,1757365696
6409669-57_R_99_5709_22:35-SETP2025-57-Semaine-06,32,313,1757365723,1757365723
6409669-57_R_99_5709_22:35-SETP2025-57-Semaine-06,33,1150,1757365806,
6414367-07_R_97_0710_23:30-SETP2025-07-L-Ma-J-V-41,0,701,,1757367000
6414367-07_R_97_0710_23:30-SETP2025-07-L-Ma-J-V-41,1,909,1757367052,1757367052
6414367-07_R_97_0710_23:30-SETP2025-07-L-Ma-J-V-41,2,86,1757367120,1757367120
6414367-07_R_97_0710_23:30-SETP2025-07-L-Ma-J-V-41,3,313,1757367144,1757367144
6414367-07_R_97_0710_23:30-SETP2025-07-L-Ma-J-V-41,4,1148,1757367180,1757367180
6414367-07_R_97_0710_23:30-SETP2025-07-L-Ma-J-V-41,5,118,1757367214,1757367214
6414367-07_R_97_0710_23:30-SETP2025-07-L-Ma-J-V-41,6,1457,1757367275,1757367275
6414367-07_R_97_0710_23:30-SETP2025-07-L-Ma-J-V-41,7,1250,,1757367360
6414367-07_R_97_0710_23:30-SETP2025-07-L-Ma-J-V-41,8,55,1757367427,1757367427
6414367-07_R_97_0710_23:30-SETP2025-07-L-Ma-J-V-41,9,2870,1757367471,1757367471
6414367-07_R_97_0710_23:30-SETP2025-07-L-Ma-J-V-41,10,2766,1757367540,1757367540
6414367-07_R_97_0710_23:30-SETP2025-07-L-Ma-J-V-41,11,556,,1757367600
6414367-07_R_97_0710_23:30-SETP2025-07-L-Ma-J-V-41,12,2,1757367692,1757367692
6414367-07_R_97_0710_23:30-SETP2025-07-L-Ma-J-V-41,13,249,1757367748,1757367748
6414367-07_R_97_0710_23:30-SETP2025-07-L-Ma-J-V-41,14,26,1757367840,1757367840
6414367-07_R_97_0710_23:30-SETP2025-07-L-Ma-J-V-41,15,775,1757367934,1757367934
6414367-07_R_97_0710_23:30-SETP2025-07-L-Ma-J-V-41,16,1009,1757368005,1757368005
6414367-07_R_97_0710_23:30-SETP2025-07-L-Ma-J-V-41,17,655,1757368068,1757368068
6414367-07_R_97_0710_23:30-SETP2025-07-L-Ma-J-V-41,18,466,1757368200,1757368200
6414367-07_R_97_0710_23:30-SETP2025-07-L-Ma-J-V-41,19,640,1757368260,1757368260
6414367-07_R_97_0710_23:30-SETP2025-07-L-Ma-J-V-41,20,869,1757368304,1757368304
6414367-07_R_97_0710_23:30-SETP2025-07-L-Ma-J-V-41,21,1185,1757368380,1757368380
6414367-07_R_97_0710_23:30-SETP2025-07-L-Ma-J-V-41,22,1070,1757368432,1757368432
6414367-07_R_97_0710_23:30-SETP2025-07-L-Ma-J-V-41,23,570,1757368481,1757368481
6414367-07_R_97_0710_23:30-SETP2025-07-L-Ma-J-V-41,24,1087,1757368515,1757368515
6414367-07_R_97_0710_23:30-SETP2025-07-L-Ma-J-V-41,25,851,1757368560,1757368560
6414367-07_R_97_0710_23:30-SETP2025-07-L-Ma-J-V-41,26,1065,1757368620,
6429311-15_A_50_1505_22:25-SETP2025-15-Semaine-11,0,2581,1757363072,1757363072
6429311-15_A_50_1505_22:25-SETP2025-15-Semaine-11,1,312,1757363161,1757363161
6429311-15_A_50_1505_22:25-SETP2025-15-Semaine-11,2,148,1757363340,1757363340
6429311-15_A_50_1505_22:25-SETP2025-15-Semaine-11,3,98,1757363400,1757363400
6429311-15_A_50_1505_22:25-SETP2025-15-Semaine-11,4,89,1757363429,1757363429
6429311-15_A_50_1505_22:25-SETP2025-15-Semaine-11,5,703,1757363458,1757363458
6429311-15_A_50_1505_22:25-SETP2025-15-Semaine-11,6,2588,1757363493,1757363493
6429311-15_A_50_1505_22:25-SETP2025-15-Semaine-11,7,497,1757363547,1757363547
6429311-15_A_50_1505_22:25-SETP2025-15-Semaine-11,8,1019,1757363589,1757363589
6429311-15_A_50_1505_22:25-SETP2025-15-Semaine-11,9,1180,1757363624,1757363624
6429311-15_A_50_1505_22:25-SETP2025-15-Semaine-11,10,705,1757363654,1757363654
6429311-15_A_50_1505_22:25-SETP2025-15-Semaine-11,11,768,1757363698,1757363698
6429311-15_A_50_1505_22:25-SETP2025-15-Semaine-11,12,886,1757363787,1757363787
6429311-15_A_50_1505_22:25-SETP2025-15-Semaine-11,13,511,1757363880,1757363880
6429311-15_A_50_1505_22:25-SETP2025-15-Semaine-11,14,96,1757363928,1757363928
6429311-15_A_50_1505_22:25-SETP2025-15-Semaine-11,15,788,1757363982,1757363982
6429311-15_A_50_1505_22:25-SETP2025-15-Semaine-11,16,8045,1757364036,1757364036
6429311-15_A_50_1505_22:25-SETP2025-15-Semaine-11,17,8155,1757364080,1757364080
6429311-15_A_50_1505_22:25-SETP2025-15-Semaine-11,18,8130,1757364120,1757364120
6429311-15_A_50_1505_22:25-SETP2025-15-Semaine-11,19,8073,1757364177,1757364177
6429311-15_A_50_1505_22:25-SETP2025-15-Semaine-11,20,8106,1757364204,1757364204
6429311-15_A_50_1505_22:25-SETP2025-15-Semaine-11,21,8123,1757364253,1757364253
6429311-15_A_50_1505_22:25-SETP2025-15-Semaine-11,22,8161,1757364293,1757364293
6429311-15_A_50_1505_22:25-SETP2025-15-Semaine-11,23,8002,1757364335,1757364335
6429311-15_A_50_1505_22:25-SETP2025-15-Semaine-11,24,8145,1757364370,1757364370
6429311-15_A_50_1505_22:25-SETP2025-15-Semaine-11,25,8003,,1757364420
6429311-15_A_50_1505_22:25-SETP2025-15-Semaine-11,26,8070,1757364479,1757364479
6429311-15_A_50_1505_22:25-SETP2025-15-Semaine-11,27,8172,1757364533,1757364533
6429311-15_A_50_1505_22:25-SETP2025-15-Semaine-11,28,8069,1757364584,1757364584
6429311-15_A_50_1505_22:25-SETP2025-15-Semaine-11,29,8127,,1757364659
6429311-15_A_50_1505_22:25-SETP2025-15-Semaine-11,30,8244,1757364714,1757364714
6429311-15_A_50_1505_22:25-SETP2025-15-Semaine-11,31,8089,1757364817,1757364817
6429311-15_A_50_1505_22:25-SETP2025-15-Semaine-11,32,8137,1757364874,1757364874
6429311-15_A_50_1505_22:25-SETP2025-15-Semaine-11,33,8132,1757364924,1757364924
6429311-15_A_50_1505_22:25-SETP2025-15-Semaine-11,34,8170,1757364985,1757364985
6429311-15_A_50_1505_22:25-SETP2025-15-Semaine-11,35,8052,1757365025,1757365025
6429311-15_A_50_1505_22:25-SETP2025-15-Semaine-11,36,8148,1757365080,
6409671-57_R_99_5712_23:35-SETP2025-57-Semaine-06,0,2826,,1757367300
6409671-57_R_99_5712_23:35-SETP2025-57-Semaine-06,1,773,1757367334,1757367334
6409671-57_R_99_5712_23:35-SETP2025-57-Semaine-06,2,800,,1757367365
6409671-57_R_99_5712_23:35-SETP2025-57-Semaine-06,3,509,1757367411,1757367411
6409671-57_R_99_5712_23:35-SETP2025-57-Semaine-06,4,525,1757367431,1757367431
6409671-57_R_99_5712_23:35-SETP2025-57-Semaine-06,5,712,,1757367509
6409671-57_R_99_5712_23:35-SETP2025-57-Semaine-06,6,363,1757367540,1757367540
6409671-57_R_99_5712_23:35-SETP2025-57-Semaine-06,7,708,1757367585,1757367585
6409671-57_R_99_5712_23:35-SETP2025-57-Semaine-06,8,709,,1757367619
6409671-57_R_99_5712_23:35-SETP2025-57-Semaine-06,9,937,1757367676,1757367676
6409671-57_R_99_5712_23:35-SETP2025-57-Semaine-06,10,1247,,1757367720
6409671-57_R_99_5712_23:35-SETP2025-57-Semaine-06,11,2988,1757367802,1757367802
6409671-57_R_99_5712_23:35-SETP2025-57-Semaine-06,12,326,1757367840,1757367840
6409671-57_R_99_5712_23:35-SETP2025-57-Semaine-06,13,304,,1757367901
6409671-57_R_99_5712_23:35-SETP2025-57-Semaine-06,14,479,1757367934,1757367934
6409671-57_R_99_5712_23:35-SETP2025-57-Semaine-06,15,1063,,1757367960
6409671-57_R_99_5712_23:35-SETP2025-57-Semaine-06,16,1349,,1757368028
6409671-57_R_99_5712_23:35-SETP2025-57-Semaine-06,17,1017,,1757368089
6409671-57_R_99_5712_23:35-SETP2025-57-Semaine-06,18,1297,,1757368164
6409671-57_R_99_5712_23:35-SETP2025-57-Semaine-06,19,458,1757368237,1757368237
6409671-57_R_99_5712_23:35-SETP2025-57-Semaine-06,20,457,1757368260,1757368260
6409671-57_R_99_5712_23:35-SETP2025-57-Semaine-06,21,48,1757368304,1757368304
6409671-57_R_99_5712_23:35-SETP2025-57-Semaine-06,22,986,1757368391,1757368391
6409671-57_R_99_5712_23:35-SETP2025-57-Semaine-06,23,1354,1757368440,1757368440
6409671-57_R_99_5712_23:35-SETP2025-57-Semaine-06,24,2803,,1757368529
6409671-57_R_99_5712_23:35-SETP2025-57-Semaine-06,25,1179,,1757368603
6409671-57_R_99_5712_23:35-SETP2025-57-Semaine-06,26,14,1757368680,1757368680
6409671-57_R_99_5712_23:35-SETP2025-57-Semaine-06,27,1381,1757368725,1757368725
6409671-57_R_99_5712_23:35-SETP2025-57-Semaine-06,28,312,1757368806,1757368806
6409671-57_R_99_5712_23:35-SETP2025-57-Semaine-06,29,148,1757368980,1757368980
6409671-57_R_99_5712_23:35-SETP2025-57-Semaine-06,30,98,1757369045,1757369045
6409671-57_R_99_5712_23:35-SETP2025-57-Semaine-06,31,86,1757369116,1757369116
6409671-57_R_99_5712_23:35-SETP2025-57-Semaine-06,32,313,1757369143,1757369143
6409671-57_R_99_5712_23:35-SETP2025-57-Semaine-06,33,1150,1757369220,
6368774-09_A_50_0904_23:00-PROJET2025-09-Semaine-35,0,3146,,1757365200
6368774-09_A_50_0904_23:00-PROJET2025-09-Semaine-35,1,3239,1757365226,1757365226
6368774-09_A_50_0904_23:00-PROJET2025-09-Semaine-35,2,3058,1757365248,1757365248
6368774-09_A_50_0904_23:00-PROJET2025-09-Semaine-35,3,3026,1757365374,1757365374
6368774-09_A_50_0904_23:00-PROJET2025-09-Semaine-35,4,3078,1757365415,1757365415
6368774-09_A_50_0904_23:00-PROJET2025-09-Semaine-35,5,3023,1757365444,1757365444
6368774-09_A_50_0904_23:00-PROJET2025-09-Semaine-35,6,3077,1757365483,1757365483
6368774-09_A_50_0904_23:00-PROJET2025-09-Semaine-35,7,4085,1757365620,1757365620
6368774-09_A_50_0904_23:00-PROJET2025-09-Semaine-35,8,4273,1757365800,1757365800
6368774-09_A_50_0904_23:00-PROJET2025-09-Semaine-35,9,4269,,1757365845
6368774-09_A_50_0904_23:00-PROJET2025-09-Semaine-35,10,4271,1757365893,1757365893
6368774-09_A_50_0904_23:00-PROJET2025-09-Semaine-35,11,4274,1757365953,1757365953
6368774-09_A_50_0904_23:00-PROJET2025-09-Semaine-35,12,4236,,1757366027
6368774-09_A_50_0904_23:00-PROJET2025-09-Semaine-35,13,4030,1757366158,1757366158
6368774-09_A_50_0904_23:00-PROJET2025-09-Semaine-35,14,4323,1757366173,1757366173
6368774-09_A_50_0904_23:00-PROJET2025-09-Semaine-35,15,4010,1757366242,1757366242
6368774-09_A_50_0904_23:00-PROJET2025-09-Semaine-35,16,4083,1757366287,1757366287
6368774-09_A_50_0904_23:00-PROJET2025-09-Semaine-35,17,4149,,1757366340
6368774-09_A_50_0904_23:00-PROJET2025-09-Semaine-35,18,4137,1757366416,1757366416
6368774-09_A_50_0904_23:00-PROJET2025-09-Semaine-35,19,4060,1757366478,1757366478
6368774-09_A_50_0904_23:00-PROJET2025-09-Semaine-35,20,4108,1757366543,1757366543
6368774-09_A_50_0904_23:00-PROJET2025-09-Semaine-35,21,4100,1757366580,1757366580
6368774-09_A_50_0904_23:00-PROJET2025-09-Semaine-35,22,4101,1757366639,1757366639
6368774-09_A_50_0904_23:00-PROJET2025-09-Semaine-35,23,4158,,1757366695
6368774-09_A_50_0904_23:00-PROJET2025-09-Semaine-35,24,4106,1757366752,1757366752
6368774-09_A_50_0904_23:00-PROJET2025-09-Semaine-35,25,5138,1757366797,1757366797
6368774-09_A_50_0904_23:00-PROJET2025-09-Semaine-35,26,5136,1757366834,1757366834
6368774-09_A_50_0904_23:00-PROJET2025-09-Semaine-35,27,5072,1757366895,1757366895
6368774-09_A_50_0904_23:00-PROJET2025-09-Semaine-35,28,5221,1757366960,1757366960
6368774-09_A_50_0904_23:00-PROJET2025-09-Semaine-35,29,5220,1757367000,1757367000
6368774-09_A_50_0904_23:00-PROJET2025-09-Semaine-35,30,2971,1757367300,
6368769-09_R_99_0907_22:30-PROJET2025-09-Semaine-35,0,2968,,1757363400
6368769-09_R_99_0907_22:30-PROJET2025-09-Semaine-35,1,5246,1757363608,1757363608
6368769-09_R_99_0907_22:30-PROJET2025-09-Semaine-35,2,5073,1757363700,1757363700
6368769-09_R_99_0907_22:30-PROJET2025-09-Semaine-35,3,5087,1757363779,1757363779
6368769-09_R_99_0907_22:30-PROJET2025-09-Semaine-35,4,4105,1757363888,1757363888
6368769-09_R_99_0907_22:30-PROJET2025-09-Semaine-35,5,4159,,1757363929
6368769-09_R_99_0907_22:30-PROJET2025-09-Semaine-35,6,4102,1757363988,1757363988
6368769-09_R_99_0907_22:30-PROJET2025-09-Semaine-35,7,4098,1757364060,1757364060
6368769-09_R_99_0907_22:30-PROJET2025-09-Semaine-35,8,4109,1757364123,1757364123
6368769-09_R_99_0907_22:30-PROJET2025-09-Semaine-35,9,4061,1757364198,1757364198
6368769-09_R_99_0907_22:30-PROJET2025-09-Semaine-35,10,4138,1757364282,1757364282
6368769-09_R_99_0907_22:30-PROJET2025-09-Semaine-35,11,4144,,1757364360
6368769-09_R_99_0907_22:30-PROJET2025-09-Semaine-35,12,4001,1757364415,1757364415
6368769-09_R_99_0907_22:30-PROJET2025-09-Semaine-35,13,4003,1757364454,1757364454
6368769-09_R_99_0907_22:30-PROJET2025-09-Semaine-35,14,4304,,1757364479
6368769-09_R_99_0907_22:30-PROJET2025-09-Semaine-35,15,4029,1757364509,1757364509
6368769-09_R_99_0907_22:30-PROJET2025-09-Semaine-35,16,4023,1757364635,1757364635
6368769-09_R_99_0907_22:30-PROJET2025-09-Semaine-35,17,4063,1757364687,1757364687
6368769-09_R_99_0907_22:30-PROJET2025-09-Semaine-35,18,4270,1757364735,1757364735
6368769-09_R_99_0907_22:30-PROJET2025-09-Semaine-35,19,4269,,1757364798
6368769-09_R_99_0907_22:30-PROJET2025-09-Semaine-35,20,4272,1757364900,1757364900
6368769-09_R_99_0907_22:30-PROJET2025-09-Semaine-35,21,3076,1757365212,1757365212
6368769-09_R_99_0907_22:30-PROJET2025-09-Semaine-35,22,3022,1757365254,1757365254
6368769-09_R_99_0907_22:30-PROJET2025-09-Semaine-35,23,3254,1757365283,1757365283
6368769-09_R_99_0907_22:30-PROJET2025-09-Semaine-35,24,3238,1757365326,1757365326
6368769-09_R_99_0907_22:30-PROJET2025-09-Semaine-35,25,3233,1757365454,1757365454
6368769-09_R_99_0907_22:30-PROJET2025-09-Semaine-35,26,3059,1757365482,1757365482
6368769-09_R_99_0907_22:30-PROJET2025-09-Semaine-35,27,3146,1757365500,
6452592-T1_R_57_VT105_22:45-SETP2025-L1-Semaine-04,0,2643,,1757364300
6452592-T1_R_57_VT105_22:45-SETP2025-L1-Semaine-04,1,2529,1757364420,1757364420
6452592-T1_R_57_VT105_22:45-SETP2025-L1-Semaine-04,2,2531,1757364540,1757364540
6452592-T1_R_57_VT105_22:45-SETP2025-L1-Semaine-04,3,2543,1757364660,1757364660
6452592-T1_R_57_VT105_22:45-SETP2025-L1-Semaine-04,4,2535,1757364720,1757364720
6452592-T1_R_57_VT105_22:45-SETP2025-L1-Semaine-04,5,2533,1757364840,1757364840
6452592-T1_R_57_VT105_22:45-SETP2025-L1-Semaine-04,6,2541,1757364900,1757364900
6452592-T1_R_57_VT105_22:45-SETP2025-L1-Semaine-04,7,2526,1757365020,1757365020
6452592-T1_R_57_VT105_22:45-SETP2025-L1-Semaine-04,8,2502,1757365080,1757365080
6452592-T1_R_57_VT105_22:45-SETP2025-L1-Semaine-04,9,2511,1757365200,1757365200
6452592-T1_R_57_VT105_22:45-SETP2025-L1-Semaine-04,10,2506,1757365320,1757365320
6452592-T1_R_57_VT105_22:45-SETP2025-L1-Semaine-04,11,2524,1757365380,1757365380
6452592-T1_R_57_VT105_22:45-SETP2025-L1-Semaine-04,12,2523,1757365560,1757365560
6452592-T1_R_57_VT105_22:45-SETP2025-L1-Semaine-04,13,2515,1757365620,1757365620
6170497-L2_R_98__22:10-JANV2025-L2-Semaine-09,7,2615,1757363034,1757363065
6170497-L2_R_98__22:10-JANV2025-L2-Semaine-09,8,2617,1757363160,1757363160
6170497-L2_R_98__22:10-JANV2025-L2-Semaine-09,9,2775,1757363280,1757363280
6170497-L2_R_98__22:10-JANV2025-L2-Semaine-09,10,2776,1757363460,1757363460
6170497-L2_R_98__22:10-JANV2025-L2-Semaine-09,11,2621,1757363580,1757363580
6170497-L2_R_98__22:10-JANV2025-L2-Semaine-09,12,2623,1757363700,1757363700
6170497-L2_R_98__22:10-JANV2025-L2-Semaine-09,13,2777,1757363820,1757363820
6170497-L2_R_98__22:10-JANV2025-L2-Semaine-09,14,2779,1757364000,1757364000
6170497-L2_R_98__22:10-JANV2025-L2-Semaine-09,15,2629,1757364120,1757364120
6170497-L2_R_98__22:10-JANV2025-L2-Semaine-09,16,2812,1757364373,
6452590-T1_R_57_VT122_22:15-SETP2025-L1-Semaine-04,6,2541,1757363006,1757363027
6452590-T1_R_57_VT122_22:15-SETP2025-L1-Semaine-04,7,2526,1757363139,1757363139
6452590-T1_R_57_VT122_22:15-SETP2025-L1-Semaine-04,8,2502,1757363199,1757363199
6452590-T1_R_57_VT122_22:15-SETP2025-L1-Semaine-04,9,2511,1757363319,1757363319
6452590-T1_R_57_VT122_22:15-SETP2025-L1-Semaine-04,10,2506,1757363439,1757363439
6452590-T1_R_57_VT122_22:15-SETP2025-L1-Semaine-04,11,2524,1757363499,1757363499
6452590-T1_R_57_VT122_22:15-SETP2025-L1-Semaine-04,12,2523,1757363679,1757363679
6452590-T1_R_57_VT122_22:15-SETP2025-L1-Semaine-04,13,2515,1757363739,1757363739
6452590-T1_R_57_VT122_22:15-SETP2025-L1-Semaine-04,14,2509,1757363859,1757363859
6452590-T1_R_57_VT122_22:15-SETP2025-L1-Semaine-04,15,2521,1757363979,1757363979
6452590-T1_R_57_VT122_22:15-SETP2025-L1-Semaine-04,16,2504,1757364039,1757364039
6452590-T1_R_57_VT122_22:15-SETP2025-L1-Semaine-04,17,2538,1757364159,1757364159
6452590-T1_R_57_VT122_22:15-SETP2025-L1-Semaine-04,18,2512,1757364339,1757364339
6452590-T1_R_57_VT122_22:15-SETP2025-L1-Semaine-04,19,2518,1757364399,1757364399
6452590-T1_R_57_VT122_22:15-SETP2025-L1-Semaine-04,21,2516,1757364579,
6452554-T1_A_12_VT110_22:15-SETP2025-L1-Semaine-04,5,2503,1757363059,1757363059
6452554-T1_A_12_VT110_22:15-SETP2025-L1-Semaine-04,6,2520,1757363160,1757363160
6452554-T1_A_12_VT110_22:15-SETP2025-L1-Semaine-04,7,2510,1757363280,1757363280
6452554-T1_A_12_VT110_22:15-SETP2025-L1-Semaine-04,8,2514,1757363400,1757363400
6452554-T1_A_12_VT110_22:15-SETP2025-L1-Semaine-04,9,2522,1757363520,1757363520
6452554-T1_A_12_VT110_22:15-SETP2025-L1-Semaine-04,10,2525,1757363640,1757363640
6452554-T1_A_12_VT110_22:15-SETP2025-L1-Semaine-04,11,2505,1757363700,1757363700
6452554-T1_A_12_VT110_22:15-SETP2025-L1-Semaine-04,12,1407,1757363820,1757363820
6452554-T1_A_12_VT110_22:15-SETP2025-L1-Semaine-04,13,2501,1757363940,1757363940
6452554-T1_A_12_VT110_22:15-SETP2025-L1-Semaine-04,14,2527,1757364060,1757364060
6452554-T1_A_12_VT110_22:15-SETP2025-L1-Semaine-04,15,2540,1757364180,1757364180
6452554-T1_A_12_VT110_22:15-SETP2025-L1-Semaine-04,16,2534,1757364240,1757364240
6452554-T1_A_12_VT110_22:15-SETP2025-L1-Semaine-04,17,2536,1757364360,1757364360
6452554-T1_A_12_VT110_22:15-SETP2025-L1-Semaine-04,18,2542,1757364420,1757364420
6452554-T1_A_12_VT110_22:15-SETP2025-L1-Semaine-04,19,2532,1757364540,1757364540
6452554-T1_A_12_VT110_22:15-SETP2025-L1-Semaine-04,20,2528,1757364660,1757364660
6414370-07_R_97_0710_22:00-SETP2025-07-L-Ma-J-V-41,18,466,1757363007,1757363007
6414370-07_R_97_0710_22:00-SETP2025-07-L-Ma-J-V-41,19,640,1757363067,1757363067
6414370-07_R_97_0710_22:00-SETP2025-07-L-Ma-J-V-41,20,869,1757363062,1757363062
6414370-07_R_97_0710_22:00-SETP2025-07-L-Ma-J-V-41,21,1185,1757363137,1757363137
6414370-07_R_97_0710_22:00-SETP2025-07-L-Ma-J-V-41,22,1070,1757363194,1757363194
6414370-07_R_97_0710_22:00-SETP2025-07-L-Ma-J-V-41,23,570,1757363252,1757363252
6414370-07_R_97_0710_22:00-SETP2025-07-L-Ma-J-V-41,24,1087,1757363280,1757363280
6414370-07_R_97_0710_22:00-SETP2025-07-L-Ma-J-V-41,25,851,1757363322,1757363322
6414370-07_R_97_0710_22:00-SETP2025-07-L-Ma-J-V-41,26,1065,1757363382,
6429339-15_R_99_1502_22:00-SETP2025-15-Semaine-11,28,463,1757363020,1757363020
6429339-15_R_99_1502_22:00-SETP2025-15-Semaine-11,29,2581,1757363084,1757363084
4523347-88_A_49_8801_17:40-RESEAU2023-88-Semaine-83-1101100,0,2577,,1757364475
4523347-88_A_49_8801_17:40-RESEAU2023-88-Semaine-83-1101100,1,1155,1757364645,1757364645
4523347-88_A_49_8801_17:40-RESEAU2023-88-Semaine-83-1101100,2,1282,,1757364746
4523347-88_A_49_8801_17:40-RESEAU2023-88-Semaine-83-1101100,3,556,,1757364811
4523347-88_A_49_8801_17:40-RESEAU2023-88-Semaine-83-1101100,4,2,1757364868,1757364868
4523347-88_A_49_8801_17:40-RESEAU2023-88-Semaine-83-1101100,5,249,1757364950,1757364950
4523347-88_A_49_8801_17:40-RESEAU2023-88-Semaine-83-1101100,6,26,1757365006,1757365006
4523347-88_A_49_8801_17:40-RESEAU2023-88-Semaine-83-1101100,7,775,1757365117,1757365117
4523347-88_A_49_8801_17:40-RESEAU2023-88-Semaine-83-1101100,8,1009,1757365148,1757365148
4523347-88_A_49_8801_17:40-RESEAU2023-88-Semaine-83-1101100,9,655,1757365232,1757365232
4523347-88_A_49_8801_17:40-RESEAU2023-88-Semaine-83-1101100,10,569,1757365285,1757365285
4523347-88_A_49_8801_17:40-RESEAU2023-88-Semaine-83-1101100,11,466,1757365323,1757365323
4523347-88_A_49_8801_17:40-RESEAU2023-88-Semaine-83-1101100,12,7073,1757365554,1757365554
4523347-88_A_49_8801_17:40-RESEAU2023-88-Semaine-83-1101100,13,7256,1757365712,1757365712
4523347-88_A_49_8801_17:40-RESEAU2023-88-Semaine-83-1101100,14,7082,1757365788,1757365788
4523347-88_A_49_8801_17:40-RESEAU2023-88-Semaine-83-1101100,15,7070,1757365847,1757365847
4523347-88_A_49_8801_17:40-RESEAU2023-88-Semaine-83-1101100,16,7041,1757365961,1757365961
4523347-88_A_49_8801_17:40-RESEAU2023-88-Semaine-83-1101100,17,7102,1757366026,1757366026
4523347-88_A_49_8801_17:40-RESEAU2023-88-Semaine-83-1101100,18,7207,1757366630,1757366630
4523347-88_A_49_8801_17:40-RESEAU2023-88-Semaine-83-1101100,19,7262,1757366908,1757366908
4523347-88_A_49_8801_17:40-RESEAU2023-88-Semaine-83-1101100,20,7238,1757367225,1757367225
4523347-88_A_49_8801_17:40-RESEAU2023-88-Semaine-83-1101100,21,7045,1757367475,
6170755-L3_A_48__22:54-JANV2025-L3-Semaine-09,1,2792,1757365080,1757365080
6170755-L3_A_48__22:54-JANV2025-L3-Semaine-09,2,2794,1757365200,1757365200
6170755-L3_A_48__22:54-JANV2025-L3-Semaine-09,3,2796,1757365320,1757365320
6170755-L3_A_48__22:54-JANV2025-L3-Semaine-09,4,2798,1757365380,1757365380
6170755-L3_A_48__22:54-JANV2025-L3-Semaine-09,5,2800,1757365500,1757365500
5839180-Exp4_R_97_EXP401_22:10-PROJET2025-Exp4-Semaine-04,18,2994,1757363808,1757363808
5839180-Exp4_R_97_EXP401_22:10-PROJET2025-Exp4-Semaine-04,19,2835,1757363894,1757363894
5839180-Exp4_R_97_EXP401_22:10-PROJET2025-Exp4-Semaine-04,20,1158,1757364046,1757364046
5839180-Exp4_R_97_EXP401_22:10-PROJET2025-Exp4-Semaine-04,21,816,1757364022,1757364022
5839180-Exp4_R_97_EXP401_22:10-PROJET2025-Exp4-Semaine-04,22,127,1757364170,1757364170
5839180-Exp4_R_97_EXP401_22:10-PROJET2025-Exp4-Semaine-04,23,2971,1757364357,
6429341-15_R_99_1505_23:05-SETP2025-15-Semaine-11,0,8148,,1757365500
6429341-15_R_99_1505_23:05-SETP2025-15-Semaine-11,1,8124,1757365525,1757365525
6429341-15_R_99_1505_23:05-SETP2025-15-Semaine-11,2,8095,1757365586,1757365586
6429341-15_R_99_1505_23:05-SETP2025-15-Semaine-11,3,8138,1757365619,1757365619
6429341-15_R_99_1505_23:05-SETP2025-15-Semaine-11,4,8090,1757365669,1757365669
6429341-15_R_99_1505_23:05-SETP2025-15-Semaine-11,5,8144,1757365748,1757365748
6429341-15_R_99_1505_23:05-SETP2025-15-Semaine-11,6,8003,,1757365800
6429341-15_R_99_1505_23:05-SETP2025-15-Semaine-11,7,8070,1757365851,1757365851
6429341-15_R_99_1505_23:05-SETP2025-15-Semaine-11,8,8172,1757365898,1757365898
6429341-15_R_99_1505_23:05-SETP2025-15-Semaine-11,9,8069,1757365942,1757365942
6429341-15_R_99_1505_23:05-SETP2025-15-Semaine-11,10,8127,,1757366007
6429341-15_R_99_1505_23:05-SETP2025-15-Semaine-11,11,8001,1757366077,1757366077
6429341-15_R_99_1505_23:05-SETP2025-15-Semaine-11,12,8160,1757366142,1757366142
6429341-15_R_99_1505_23:05-SETP2025-15-Semaine-11,13,8107,1757366265,1757366265
6429341-15_R_99_1505_23:05-SETP2025-15-Semaine-11,14,8072,1757366330,1757366330
6429341-15_R_99_1505_23:05-SETP2025-15-Semaine-11,15,8129,,1757366400
6429341-15_R_99_1505_23:05-SETP2025-15-Semaine-11,16,8156,1757366436,1757366436
6429341-15_R_99_1505_23:05-SETP2025-15-Semaine-11,17,789,1757366543,1757366543
6429341-15_R_99_1505_23:05-SETP2025-15-Semaine-11,18,97,1757366581,1757366581
6429341-15_R_99_1505_23:05-SETP2025-15-Semaine-11,19,512,1757366640,1757366640
6429341-15_R_99_1505_23:05-SETP2025-15-Semaine-11,20,887,1757366727,1757366727
6429341-15_R_99_1505_23:05-SETP2025-15-Semaine-11,21,769,1757366823,1757366823
6429341-15_R_99_1505_23:05-SETP2025-15-Semaine-11,22,704,1757366849,1757366849
6429341-15_R_99_1505_23:05-SETP2025-15-Semaine-11,23,1181,1757366895,1757366895
6429341-15_R_99_1505_23:05-SETP2025-15-Semaine-11,24,1020,1757366926,1757366926
6429341-15_R_99_1505_23:05-SETP2025-15-Semaine-11,25,498,1757366965,1757366965
6429341-15_R_99_1505_23:05-SETP2025-15-Semaine-11,26,179,1757367024,1757367024
6429341-15_R_99_1505_23:05-SETP2025-15-Semaine-11,27,700,1757367078,1757367078
6429341-15_R_99_1505_23:05-SETP2025-15-Semaine-11,28,463,1757367180,1757367180
6429341-15_R_99_1505_23:05-SETP2025-15-Semaine-11,29,2581,1757367420,
6409678-57_A_50_5707_22:05-SETP2025-57-Semaine-06,14,52,1757363015,1757363015
6409678-57_A_50_5707_22:05-SETP2025-57-Semaine-06,15,1446,,1757363034
6409678-57_A_50_5707_22:05-SETP2025-57-Semaine-06,16,1092,1757363104,1757363104
6409678-57_A_50_5707_22:05-SETP2025-57-Semaine-06,17,1296,,1757363130
6409678-57_A_50_5707_22:05-SETP2025-57-Semaine-06,18,1016,,1757363197
6409678-57_A_50_5707_22:05-SETP2025-57-Semaine-06,19,1348,,1757363228
6409678-57_A_50_5707_22:05-SETP2025-57-Semaine-06,20,1061,,1757363306
6409678-57_A_50_5707_22:05-SETP2025-57-Semaine-06,21,478,1757363365,1757363365
6409678-57_A_50_5707_22:05-SETP2025-57-Semaine-06,22,303,,1757363409
6409678-57_A_50_5707_22:05-SETP2025-57-Semaine-06,23,324,,1757363499
6409678-57_A_50_5707_22:05-SETP2025-57-Semaine-06,24,404,,1757363559
6409678-57_A_50_5707_22:05-SETP2025-57-Semaine-06,25,1455,,1757363618
6409678-57_A_50_5707_22:05-SETP2025-57-Semaine-06,26,938,1757363665,1757363665
6409678-57_A_50_5707_22:05-SETP2025-57-Semaine-06,27,1476,1757363809,1757363809
6409678-57_A_50_5707_22:05-SETP2025-57-Semaine-06,28,279,1757363816,1757363816
6409678-57_A_50_5707_22:05-SETP2025-57-Semaine-06,29,711,,1757363907
6409678-57_A_50_5707_22:05-SETP2025-57-Semaine-06,30,526,1757363950,1757363950
6409678-57_A_50_5707_22:05-SETP2025-57-Semaine-06,31,510,1757363965,1757363965
6409678-57_A_50_5707_22:05-SETP2025-57-Semaine-06,32,801,1757364013,1757364013
6409678-57_A_50_5707_22:05-SETP2025-57-Semaine-06,33,772,1757364049,1757364049
6409678-57_A_50_5707_22:05-SETP2025-57-Semaine-06,34,2826,1757364050,
6409680-57_A_50_5703_23:05-SETP2025-57-Semaine-06,0,1150,,1757365500
6409680-57_A_50_5703_23:05-SETP2025-57-Semaine-06,1,314,1757365549,1757365549
6409680-57_A_50_5703_23:05-SETP2025-57-Semaine-06,2,87,1757365609,1757365609
6409680-57_A_50_5703_23:05-SETP2025-57-Semaine-06,3,703,1757365680,1757365680
6409680-57_A_50_5703_23:05-SETP2025-57-Semaine-06,4,700,1757365740,1757365740
6409680-57_A_50_5703_23:05-SETP2025-57-Semaine-06,5,463,1757365881,1757365881
6409680-57_A_50_5703_23:05-SETP2025-57-Semaine-06,6,873,,1757365981
6409680-57_A_50_5703_23:05-SETP2025-57-Semaine-06,7,2656,1757366100,1757366100
6409680-57_A_50_5703_23:05-SETP2025-57-Semaine-06,8,15,1757366142,1757366142
6409680-57_A_50_5703_23:05-SETP2025-57-Semaine-06,9,1033,1757366186,1757366186
6409680-57_A_50_5703_23:05-SETP2025-57-Semaine-06,10,1208,1757366230,1757366230
6409680-57_A_50_5703_23:05-SETP2025-57-Semaine-06,11,1305,1757366324,1757366324
6409680-57_A_50_5703_23:05-SETP2025-57-Semaine-06,12,2910,1757366412,1757366412
6409680-57_A_50_5703_23:05-SETP2025-57-Semaine-06,13,1125,1757366460,1757366460
6409680-57_A_50_5703_23:05-SETP2025-57-Semaine-06,14,52,1757366580,1757366580
6409680-57_A_50_5703_23:05-SETP2025-57-Semaine-06,15,1446,,1757366648
6409680-57_A_50_5703_23:05-SETP2025-57-Semaine-06,16,1092,1757366683,1757366683
6409680-57_A_50_5703_23:05-SETP2025-57-Semaine-06,17,1296,,1757366760
6409680-57_A_50_5703_23:05-SETP2025-57-Semaine-06,18,1016,,1757366830
6409680-57_A_50_5703_23:05-SETP2025-57-Semaine-06,19,1348,,1757366917
6409680-57_A_50_5703_23:05-SETP2025-57-Semaine-06,20,1061,,1757367000
6409680-57_A_50_5703_23:05-SETP2025-57-Semaine-06,21,478,1757367058,1757367058
6409680-57_A_50_5703_23:05-SETP2025-57-Semaine-06,22,303,,1757367108
6409680-57_A_50_5703_23:05-SETP2025-57-Semaine-06,23,324,,1757367180
6409680-57_A_50_5703_23:05-SETP2025-57-Semaine-06,24,404,,1757367252
6409680-57_A_50_5703_23:05-SETP2025-57-Semaine-06,25,1455,,1757367300
6409680-57_A_50_5703_23:05-SETP2025-57-Semaine-06,26,938,1757367407,1757367407
6409680-57_A_50_5703_23:05-SETP2025-57-Semaine-06,27,1476,1757367540,1757367540
6409680-57_A_50_5703_23:05-SETP2025-57-Semaine-06,28,279,1757367579,1757367579
6409680-57_A_50_5703_23:05-SETP2025-57-Semaine-06,29,711,,1757367667
6409680-57_A_50_5703_23:05-SETP2025-57-Semaine-06,30,526,1757367754,1757367754
6409680-57_A_50_5703_23:05-SETP2025-57-Semaine-06,31,510,1757367789,1757367789
6409680-57_A_50_5703_23:05-SETP2025-57-Semaine-06,32,801,1757367847,1757367847
6409680-57_A_50_5703_23:05-SETP2025-57-Semaine-06,33,772,1757367873,1757367873
6409680-57_A_50_5703_23:05-SETP2025-57-Semaine-06,34,2826,1757367900,
6327163-17_R_99_1704_22:10-SETP2025-17-L-Ma-J-V-35,13,778,1757362986,1757362986
6327163-17_R_99_1704_22:10-SETP2025-17-L-Ma-J-V-35,14,94,1757363046,1757363046
6327163-17_R_99_1704_22:10-SETP2025-17-L-Ma-J-V-35,15,894,1757363048,1757363048
6327163-17_R_99_1704_22:10-SETP2025-17-L-Ma-J-V-35,16,38,,1757363113
6327163-17_R_99_1704_22:10-SETP2025-17-L-Ma-J-V-35,17,284,1757363199,1757363199
6327163-17_R_99_1704_22:10-SETP2025-17-L-Ma-J-V-35,18,1570,1757363253,1757363253
6327163-17_R_99_1704_22:10-SETP2025-17-L-Ma-J-V-35,19,472,1757363288,1757363288
6327163-17_R_99_1704_22:10-SETP2025-17-L-Ma-J-V-35,20,616,1757363349,1757363349
6327163-17_R_99_1704_22:10-SETP2025-17-L-Ma-J-V-35,21,747,1757363404,1757363404
6327163-17_R_99_1704_22:10-SETP2025-17-L-Ma-J-V-35,22,183,1757363467,1757363467
6327163-17_R_99_1704_22:10-SETP2025-17-L-Ma-J-V-35,23,602,1757363514,1757363514
6327163-17_R_99_1704_22:10-SETP2025-17-L-Ma-J-V-35,24,1525,1757363575,1757363575
6327163-17_R_99_1704_22:10-SETP2025-17-L-Ma-J-V-35,25,346,1757363567,1757363567
6327163-17_R_99_1704_22:10-SETP2025-17-L-Ma-J-V-35,26,2712,1757363634,
6368775-09_A_50_0905_22:00-PROJET2025-09-Semaine-35,18,4137,1757363050,1757363050
6368775-09_A_50_0905_22:00-PROJET2025-09-Semaine-35,19,4060,1757363058,1757363058
6368775-09_A_50_0905_22:00-PROJET2025-09-Semaine-35,20,4108,1757363160,1757363160
6368775-09_A_50_0905_22:00-PROJET2025-09-Semaine-35,21,4100,1757363216,1757363216
6368775-09_A_50_0905_22:00-PROJET2025-09-Semaine-35,22,4101,1757363275,1757363275
6368775-09_A_50_0905_22:00-PROJET2025-09-Semaine-35,23,4158,,1757363326
6368775-09_A_50_0905_22:00-PROJET2025-09-Semaine-35,24,4106,1757363314,1757363314
6368775-09_A_50_0905_22:00-PROJET2025-09-Semaine-35,25,5138,1757363433,1757363433
6368775-09_A_50_0905_22:00-PROJET2025-09-Semaine-35,26,5136,1757363470,1757363470
6368775-09_A_50_0905_22:00-PROJET2025-09-Semaine-35,27,5072,1757363526,1757363526
6368775-09_A_50_0905_22:00-PROJET2025-09-Semaine-35,28,5221,1757363577,1757363577
6368775-09_A_50_0905_22:00-PROJET2025-09-Semaine-35,29,5220,1757363631,1757363631
6368775-09_A_50_0905_22:00-PROJET2025-09-Semaine-35,30,2971,1757363917,
6452593-T1_R_57_VT110_23:00-SETP2025-L1-Semaine-04,1,2529,1757365320,1757365320
6452593-T1_R_57_VT110_23:00-SETP2025-L1-Semaine-04,2,2531,1757365440,1757365440
6452593-T1_R_57_VT110_23:00-SETP2025-L1-Semaine-04,3,2543,1757365560,1757365560
6452593-T1_R_57_VT110_23:00-SETP2025-L1-Semaine-04,4,2535,1757365620,1757365620
6452593-T1_R_57_VT110_23:00-SETP2025-L1-Semaine-04,5,2533,1757365740,1757365740
6452593-T1_R_57_VT110_23:00-SETP2025-L1-Semaine-04,6,2541,1757365800,1757365800
6170761-L3_A_14__22:13-JANV2025-L3-Semaine-09,5,2800,1757363023,1757363048
6170761-L3_A_14__22:13-JANV2025-L3-Semaine-09,6,2637,1757363152,
6170747-L3_R_97__22:00-JANV2025-L3-Semaine-09,11,2621,1757362999,1757363032
6170747-L3_R_97__22:00-JANV2025-L3-Semaine-09,12,2623,1757363146,1757363146
6170747-L3_R_97__22:00-JANV2025-L3-Semaine-09,13,2777,1757363266,1757363266
6170747-L3_R_97__22:00-JANV2025-L3-Semaine-09,14,2778,1757363446,1757363446
6170747-L3_R_97__22:00-JANV2025-L3-Semaine-09,15,2632,1757363566,1757363566
6170747-L3_R_97__22:00-JANV2025-L3-Semaine-09,16,2635,1757363675,1757363675
6170747-L3_R_97__22:00-JANV2025-L3-Semaine-09,17,2801,1757363866,1757363866
6170747-L3_R_97__22:00-JANV2025-L3-Semaine-09,18,2799,1757363926,1757363926
6170747-L3_R_97__22:00-JANV2025-L3-Semaine-09,19,2797,1757364046,1757364046
6170747-L3_R_97__22:00-JANV2025-L3-Semaine-09,20,2795,1757364166,1757364166
6170747-L3_R_97__22:00-JANV2025-L3-Semaine-09,21,2793,1757364286,1757364286
6409670-57_R_99_5707_23:05-SETP2025-57-Semaine-06,0,2826,,1757365500
6409670-57_R_99_5707_23:05-SETP2025-57-Semaine-06,1,773,1757365534,1757365534
6409670-57_R_99_5707_23:05-SETP2025-57-Semaine-06,2,800,,1757365565
6409670-57_R_99_5707_23:05-SETP2025-57-Semaine-06,3,509,1757365611,1757365611
6409670-57_R_99_5707_23:05-SETP2025-57-Semaine-06,4,525,1757365631,1757365631
6409670-57_R_99_5707_23:05-SETP2025-57-Semaine-06,5,712,,1757365709
6409670-57_R_99_5707_23:05-SETP2025-57-Semaine-06,6,363,1757365740,1757365740
6409670-57_R_99_5707_23:05-SETP2025-57-Semaine-06,7,708,1757365799,1757365799
6409670-57_R_99_5707_23:05-SETP2025-57-Semaine-06,8,709,,1757365845
6409670-57_R_99_5707_23:05-SETP2025-57-Semaine-06,9,937,1757365920,1757365920
6409670-57_R_99_5707_23:05-SETP2025-57-Semaine-06,10,1247,,1757365980
6409670-57_R_99_5707_23:05-SETP2025-57-Semaine-06,11,2988,1757366062,1757366062
6409670-57_R_99_5707_23:05-SETP2025-57-Semaine-06,12,326,1757366100,1757366100
6409670-57_R_99_5707_23:05-SETP2025-57-Semaine-06,13,304,,1757366161
6409670-57_R_99_5707_23:05-SETP2025-57-Semaine-06,14,479,1757366194,1757366194
6409670-57_R_99_5707_23:05-SETP2025-57-Semaine-06,15,1063,,1757366220
6409670-57_R_99_5707_23:05-SETP2025-57-Semaine-06,16,1349,,1757366302
6409670-57_R_99_5707_23:05-SETP2025-57-Semaine-06,17,1017,,1757366375
6409670-57_R_99_5707_23:05-SETP2025-57-Semaine-06,18,1297,,1757366465
6409670-57_R_99_5707_23:05-SETP2025-57-Semaine-06,19,458,1757366553,1757366553
6409670-57_R_99_5707_23:05-SETP2025-57-Semaine-06,20,457,1757366580,1757366580
6409670-57_R_99_5707_23:05-SETP2025-57-Semaine-06,21,48,1757366624,1757366624
6409670-57_R_99_5707_23:05-SETP2025-57-Semaine-06,22,986,1757366711,1757366711
6409670-57_R_99_5707_23:05-SETP2025-57-Semaine-06,23,1354,1757366760,1757366760
6409670-57_R_99_5707_23:05-SETP2025-57-Semaine-06,24,2803,,1757366849
6409670-57_R_99_5707_23:05-SETP2025-57-Semaine-06,25,1179,,1757366923
6409670-57_R_99_5707_23:05-SETP2025-57-Semaine-06,26,14,1757367000,1757367000
6409670-57_R_99_5707_23:05-SETP2025-57-Semaine-06,27,1381,1757367045,1757367045
6409670-57_R_99_5707_23:05-SETP2025-57-Semaine-06,28,312,1757367126,1757367126
6409670-57_R_99_5707_23:05-SETP2025-57-Semaine-06,29,148,1757367300,1757367300
6409670-57_R_99_5707_23:05-SETP2025-57-Semaine-06,30,98,1757367365,1757367365
6409670-57_R_99_5707_23:05-SETP2025-57-Semaine-06,31,86,1757367436,1757367436
6409670-57_R_99_5707_23:05-SETP2025-57-Semaine-06,32,313,1757367463,1757367463
6409670-57_R_99_5707_23:05-SETP2025-57-Semaine-06,33,1150,1757367540,
6446424-05_R_50_0506_23:00-SETP2025-05-L-Ma-J-V-38,0,1145,,1757365200
6446424-05_R_50_0506_23:00-SETP2025-05-L-Ma-J-V-38,1,299,1757365239,1757365239
6446424-05_R_50_0506_23:00-SETP2025-05-L-Ma-J-V-38,2,230,1757365268,1757365268
6446424-05_R_50_0506_23:00-SETP2025-05-L-Ma-J-V-38,3,1211,1757365293,1757365293
6446424-05_R_50_0506_23:00-SETP2025-05-L-Ma-J-V-38,4,73,1757365323,1757365323
6446424-05_R_50_0506_23:00-SETP2025-05-L-Ma-J-V-38,5,199,,1757365380
6446424-05_R_50_0506_23:00-SETP2025-05-L-Ma-J-V-38,6,66,1757365417,1757365417
6446424-05_R_50_0506_23:00-SETP2025-05-L-Ma-J-V-38,7,1094,1757365463,1757365463
6446424-05_R_50_0506_23:00-SETP2025-05-L-Ma-J-V-38,8,46,1757365500,1757365500
6446424-05_R_50_0506_23:00-SETP2025-05-L-Ma-J-V-38,9,1104,1757365577,1757365577
6446424-05_R_50_0506_23:00-SETP2025-05-L-Ma-J-V-38,10,378,1757365621,1757365621
6446424-05_R_50_0506_23:00-SETP2025-05-L-Ma-J-V-38,11,729,1757365650,1757365650
6446424-05_R_50_0506_23:00-SETP2025-05-L-Ma-J-V-38,12,1164,1757365692,1757365692
6446424-05_R_50_0506_23:00-SETP2025-05-L-Ma-J-V-38,13,966,1757365743,1757365743
6446424-05_R_50_0506_23:00-SETP2025-05-L-Ma-J-V-38,14,1160,1757365788,1757365788
6446424-05_R_50_0506_23:00-SETP2025-05-L-Ma-J-V-38,15,322,1757365860,1757365860
6446424-05_R_50_0506_23:00-SETP2025-05-L-Ma-J-V-38,16,2923,1757365980,1757365980
6446424-05_R_50_0506_23:00-SETP2025-05-L-Ma-J-V-38,17,1434,1757366040,
6452589-T1_R_57_VT118_22:00-SETP2025-L1-Semaine-04,13,2515,1757363012,1757363044
6452589-T1_R_57_VT118_22:00-SETP2025-L1-Semaine-04,14,2509,1757363131,1757363131
6452589-T1_R_57_VT118_22:00-SETP2025-L1-Semaine-04,15,2521,1757363251,1757363251
6452589-T1_R_57_VT118_22:00-SETP2025-L1-Semaine-04,16,2504,1757363311,1757363311
6452589-T1_R_57_VT118_22:00-SETP2025-L1-Semaine-04,17,2538,1757363411,1757363411
6452589-T1_R_57_VT118_22:00-SETP2025-L1-Semaine-04,18,2512,1757363611,1757363611
6452589-T1_R_57_VT118_22:00-SETP2025-L1-Semaine-04,19,2518,1757363671,1757363671
6452589-T1_R_57_VT118_22:00-SETP2025-L1-Semaine-04,21,2516,1757363831,
6369833-49_R_95_4901_19:30-PROJET2025-49-Semaine-08,30,4147,,1757363138
6369833-49_R_95_4901_19:30-PROJET2025-49-Semaine-08,31,4001,1757363128,1757363128
6369833-49_R_95_4901_19:30-PROJET2025-49-Semaine-08,32,4003,1757363269,1757363269
6369833-49_R_95_4901_19:30-PROJET2025-49-Semaine-08,33,4179,1757363197,
6005444-B_A_50_VTB01_23:20-JANV2025-B-Semaine-03,0,2645,,1757366400
4542667-44_R_99_4401_22:38-RESEAU2023-44-Semaine-89,0,4135,,1757363880
4542667-44_R_99_4401_22:38-RESEAU2023-44-Semaine-89,1,4242,1757363943,1757363943
4542667-44_R_99_4401_22:38-RESEAU2023-44-Semaine-89,2,4324,1757363986,1757363986
4542667-44_R_99_4401_22:38-RESEAU2023-44-Semaine-89,3,4243,1757364028,1757364028
4542667-44_R_99_4401_22:38-RESEAU2023-44-Semaine-89,4,4266,1757364080,1757364080
4542667-44_R_99_4401_22:38-RESEAU2023-44-Semaine-89,5,4244,1757364162,1757364162
4542667-44_R_99_4401_22:38-RESEAU2023-44-Semaine-89,6,4245,1757364278,1757364278
4542667-44_R_99_4401_22:38-RESEAU2023-44-Semaine-89,7,4145,1757364300,
6170772-L3_A_48__22:34-JANV2025-L3-Semaine-09,0,2790,,1757363760
6170772-L3_A_48__22:34-JANV2025-L3-Semaine-09,1,2792,1757363893,1757363893
6170772-L3_A_48__22:34-JANV2025-L3-Semaine-09,2,2794,1757364013,1757364013
6170772-L3_A_48__22:34-JANV2025-L3-Semaine-09,3,2796,1757364133,1757364133
6170772-L3_A_48__22:34-JANV2025-L3-Semaine-09,4,2798,1757364193,1757364193
6170772-L3_A_48__22:34-JANV2025-L3-Semaine-09,5,2800,1757364313,1757364313
6170772-L3_A_48__22:34-JANV2025-L3-Semaine-09,6,2636,1757364433,1757364433
6170772-L3_A_48__22:34-JANV2025-L3-Semaine-09,7,2633,1757364493,1757364493
6170772-L3_A_48__22:34-JANV2025-L3-Semaine-09,8,2767,1757364673,1757364673
6170772-L3_A_48__22:34-JANV2025-L3-Semaine-09,9,2771,1757364793,1757364793
6170772-L3_A_48__22:34-JANV2025-L3-Semaine-09,10,2624,1757364913,1757364913
6170772-L3_A_48__22:34-JANV2025-L3-Semaine-09,11,2622,1757364973,1757364973
6409667-57_R_99_5712_21:40-SETP2025-57-Semaine-06,33,1150,1757363003,1757363003
6170748-L3_A_48__21:41-JANV2025-L3-Semaine-09,21,2604,1757363046,1757363092
6170748-L3_A_48__21:41-JANV2025-L3-Semaine-09,22,2644,1757363205,
6446417-05_A_99_0506_23:20-SETP2025-05-L-Ma-J-V-38,0,1434,,1757366400
6446417-05_A_99_0506_23:20-SETP2025-05-L-Ma-J-V-38,1,1179,,1757366460
6446417-05_A_99_0506_23:20-SETP2025-05-L-Ma-J-V-38,2,14,1757366525,1757366525
6446417-05_A_99_0506_23:20-SETP2025-05-L-Ma-J-V-38,3,1381,1757366566,1757366566
6446417-05_A_99_0506_23:20-SETP2025-05-L-Ma-J-V-38,4,312,1757366640,1757366640
6446417-05_A_99_0506_23:20-SETP2025-05-L-Ma-J-V-38,5,1031,,1757366708
6446417-05_A_99_0506_23:20-SETP2025-05-L-Ma-J-V-38,6,321,,1757366760
6446417-05_A_99_0506_23:20-SETP2025-05-L-Ma-J-V-38,7,1159,1757366837,1757366837
6446417-05_A_99_0506_23:20-SETP2025-05-L-Ma-J-V-38,8,965,1757366889,1757366889
6446417-05_A_99_0506_23:20-SETP2025-05-L-Ma-J-V-38,9,1163,1757366939,1757366939
6446417-05_A_99_0506_23:20-SETP2025-05-L-Ma-J-V-38,10,728,1757367007,1757367007
6446417-05_A_99_0506_23:20-SETP2025-05-L-Ma-J-V-38,11,377,1757367049,1757367049
6446417-05_A_99_0506_23:20-SETP2025-05-L-Ma-J-V-38,12,1103,1757367072,1757367072
6446417-05_A_99_0506_23:20-SETP2025-05-L-Ma-J-V-38,13,1355,1757367141,1757367141
6446417-05_A_99_0506_23:20-SETP2025-05-L-Ma-J-V-38,14,44,1757367180,1757367180
6446417-05_A_99_0506_23:20-SETP2025-05-L-Ma-J-V-38,15,65,1757367239,1757367239
6446417-05_A_99_0506_23:20-SETP2025-05-L-Ma-J-V-38,16,201,,1757367300
6446417-05_A_99_0506_23:20-SETP2025-05-L-Ma-J-V-38,17,68,1757367369,1757367369
6446417-05_A_99_0506_23:20-SETP2025-05-L-Ma-J-V-38,18,1210,1757367410,1757367410
6446417-05_A_99_0506_23:20-SETP2025-05-L-Ma-J-V-38,19,206,1757367456,1757367456
6446417-05_A_99_0506_23:20-SETP2025-05-L-Ma-J-V-38,20,298,1757367492,1757367492
6446417-05_A_99_0506_23:20-SETP2025-05-L-Ma-J-V-38,21,1519,1757367540,
6402599-32_R_97_3202_22:25-SETP2025-32-Semaine-34,0,198,,1757363100
6402599-32_R_97_3202_22:25-SETP2025-32-Semaine-34,1,810,1757363141,1757363141
6402599-32_R_97_3202_22:25-SETP2025-32-Semaine-34,2,1080,1757363158,1757363158
6402599-32_R_97_3202_22:25-SETP2025-32-Semaine-34,3,818,1757363185,1757363185
6402599-32_R_97_3202_22:25-SETP2025-32-Semaine-34,4,197,1757363220,1757363220
6402599-32_R_97_3202_22:25-SETP2025-32-Semaine-34,5,35,,1757363269
6402599-32_R_97_3202_22:25-SETP2025-32-Semaine-34,6,416,1757363320,1757363320
6402599-32_R_97_3202_22:25-SETP2025-32-Semaine-34,7,375,1757363350,1757363350
6402599-32_R_97_3202_22:25-SETP2025-32-Semaine-34,8,1525,1757363426,1757363426
6402599-32_R_97_3202_22:25-SETP2025-32-Semaine-34,9,346,1757363469,1757363469
6402599-32_R_97_3202_22:25-SETP2025-32-Semaine-34,10,2831,1757363520,
6170799-L3_R_93__21:54-JANV2025-L3-Semaine-09,15,2632,1757363076,1757363076
6170799-L3_R_93__21:54-JANV2025-L3-Semaine-09,16,2635,1757363184,1757363184
6170799-L3_R_93__21:54-JANV2025-L3-Semaine-09,17,2637,1757363304,
4542724-44_A_50_4401_22:30-RESEAU2023-44-Semaine-89,0,4145,,1757363400
4542724-44_A_50_4401_22:30-RESEAU2023-44-Semaine-89,1,4148,1757363433,1757363433
4542724-44_A_50_4401_22:30-RESEAU2023-44-Semaine-89,2,4297,1757363468,1757363468
4542724-44_A_50_4401_22:30-RESEAU2023-44-Semaine-89,3,4239,1757363496,1757363496
4542724-44_A_50_4401_22:30-RESEAU2023-44-Semaine-89,4,4240,1757363531,1757363531
4542724-44_A_50_4401_22:30-RESEAU2023-44-Semaine-89,5,4129,1757363571,1757363571
4542724-44_A_50_4401_22:30-RESEAU2023-44-Semaine-89,6,4241,1757363596,1757363596
4542724-44_A_50_4401_22:30-RESEAU2023-44-Semaine-89,7,4135,1757363629,
6005407-B_R_99_VTB01_22:18-JANV2025-B-Semaine-03,2,2778,1757363160,1757363160
6005407-B_R_99_VTB01_22:18-JANV2025-B-Semaine-03,3,2632,1757363340,1757363340
6005407-B_R_99_VTB01_22:18-JANV2025-B-Semaine-03,4,2635,1757363400,1757363400
6005407-B_R_99_VTB01_22:18-JANV2025-B-Semaine-03,5,2637,1757363554,
6409681-57_A_50_5709_23:35-SETP2025-57-Semaine-06,0,1150,,1757367300
6409681-57_A_50_5709_23:35-SETP2025-57-Semaine-06,1,314,1757367333,1757367333
6409681-57_A_50_5709_23:35-SETP2025-57-Semaine-06,2,87,1757367373,1757367373
6409681-57_A_50_5709_23:35-SETP2025-57-Semaine-06,3,703,1757367420,1757367420
6409681-57_A_50_5709_23:35-SETP2025-57-Semaine-06,4,700,1757367480,1757367480
6409681-57_A_50_5709_23:35-SETP2025-57-Semaine-06,5,463,1757367621,1757367621
6409681-57_A_50_5709_23:35-SETP2025-57-Semaine-06,6,873,,1757367721
6409681-57_A_50_5709_23:35-SETP2025-57-Semaine-06,7,2656,1757367840,1757367840
6409681-57_A_50_5709_23:35-SETP2025-57-Semaine-06,8,15,1757367868,1757367868
6409681-57_A_50_5709_23:35-SETP2025-57-Semaine-06,9,1033,1757367897,1757367897
6409681-57_A_50_5709_23:35-SETP2025-57-Semaine-06,10,1208,1757367926,1757367926
6409681-57_A_50_5709_23:35-SETP2025-57-Semaine-06,11,1305,1757367989,1757367989
6409681-57_A_50_5709_23:35-SETP2025-57-Semaine-06,12,2910,1757368047,1757368047
6409681-57_A_50_5709_23:35-SETP2025-57-Semaine-06,13,1125,1757368080,1757368080
6409681-57_A_50_5709_23:35-SETP2025-57-Semaine-06,14,52,1757368200,1757368200
6409681-57_A_50_5709_23:35-SETP2025-57-Semaine-06,15,1446,,1757368245
6409681-57_A_50_5709_23:35-SETP2025-57-Semaine-06,16,1092,1757368268,1757368268
6409681-57_A_50_5709_23:35-SETP2025-57-Semaine-06,17,1296,,1757368320
6409681-57_A_50_5709_23:35-SETP2025-57-Semaine-06,18,1016,,1757368390
6409681-57_A_50_5709_23:35-SETP2025-57-Semaine-06,19,1348,,1757368477
6409681-57_A_50_5709_23:35-SETP2025-57-Semaine-06,20,1061,,1757368560
6409681-57_A_50_5709_23:35-SETP2025-57-Semaine-06,21,478,1757368618,1757368618
6409681-57_A_50_5709_23:35-SETP2025-57-Semaine-06,22,303,,1757368668
6409681-57_A_50_5709_23:35-SETP2025-57-Semaine-06,23,324,,1757368740
6409681-57_A_50_5709_23:35-SETP2025-57-Semaine-06,24,404,,1757368812
6409681-57_A_50_5709_23:35-SETP2025-57-Semaine-06,25,1455,,1757368860
6409681-57_A_50_5709_23:35-SETP2025-57-Semaine-06,26,938,1757368967,1757368967
6409681-57_A_50_5709_23:35-SETP2025-57-Semaine-06,27,1476,1757369100,1757369100
6409681-57_A_50_5709_23:35-SETP2025-57-Semaine-06,28,279,1757369139,1757369139
6409681-57_A_50_5709_23:35-SETP2025-57-Semaine-06,29,711,,1757369227
6409681-57_A_50_5709_23:35-SETP2025-57-Semaine-06,30,526,1757369314,1757369314
6409681-57_A_50_5709_23:35-SETP2025-57-Semaine-06,31,510,1757369349,1757369349
6409681-57_A_50_5709_23:35-SETP2025-57-Semaine-06,32,801,1757369407,1757369407
6409681-57_A_50_5709_23:35-SETP2025-57-Semaine-06,33,772,1757369433,1757369433
6409681-57_A_50_5709_23:35-SETP2025-57-Semaine-06,34,2826,1757369460,
6170751-L3_A_48__22:24-JANV2025-L3-Semaine-09,0,2790,,1757363188
6170751-L3_A_48__22:24-JANV2025-L3-Semaine-09,1,2792,1757363308,1757363308
6170751-L3_A_48__22:24-JANV2025-L3-Semaine-09,2,2794,1757363428,1757363428
6170751-L3_A_48__22:24-JANV2025-L3-Semaine-09,3,2796,1757363548,1757363548
6170751-L3_A_48__22:24-JANV2025-L3-Semaine-09,4,2798,1757363608,1757363608
6170751-L3_A_48__22:24-JANV2025-L3-Semaine-09,5,2800,1757363728,1757363728
6170751-L3_A_48__22:24-JANV2025-L3-Semaine-09,6,2636,1757363848,1757363848
6170751-L3_A_48__22:24-JANV2025-L3-Semaine-09,7,2633,1757363908,1757363908
6170751-L3_A_48__22:24-JANV2025-L3-Semaine-09,8,2767,1757364088,1757364088
6170751-L3_A_48__22:24-JANV2025-L3-Semaine-09,9,2771,1757364208,1757364208
6170751-L3_A_48__22:24-JANV2025-L3-Semaine-09,10,2624,1757364342,1757364342
6170751-L3_A_48__22:24-JANV2025-L3-Semaine-09,11,2622,1757364402,1757364402
6170751-L3_A_48__22:24-JANV2025-L3-Semaine-09,12,2768,1757364434,1757364434
6170751-L3_A_48__22:24-JANV2025-L3-Semaine-09,13,2769,1757364674,1757364674
6005429-B_R_99_VTB04_22:37-JANV2025-B-Semaine-03,0,2812,,1757363820
6005429-B_R_99_VTB04_22:37-JANV2025-B-Semaine-03,1,2630,1757364120,1757364120
6005429-B_R_99_VTB04_22:37-JANV2025-B-Semaine-03,2,2778,1757364300,1757364300
4523356-88_R_98_8801_18:35-RESEAU2023-88-Semaine-83-1101100,0,7045,,1757367505
4523356-88_R_98_8801_18:35-RESEAU2023-88-Semaine-83-1101100,1,7106,1757367538,1757367538
4523356-88_R_98_8801_18:35-RESEAU2023-88-Semaine-83-1101100,2,7142,1757367571,1757367571
4523356-88_R_98_8801_18:35-RESEAU2023-88-Semaine-83-1101100,3,7107,1757367617,1757367617
4523356-88_R_98_8801_18:35-RESEAU2023-88-Semaine-83-1101100,4,7046,1757367652,1757367652
4523356-88_R_98_8801_18:35-RESEAU2023-88-Semaine-83-1101100,5,7160,1757367688,1757367688
4523356-88_R_98_8801_18:35-RESEAU2023-88-Semaine-83-1101100,6,7211,1757367964,1757367964
4523356-88_R_98_8801_18:35-RESEAU2023-88-Semaine-83-1101100,7,32213,1757368057,1757368057
4523356-88_R_98_8801_18:35-RESEAU2023-88-Semaine-83-1101100,8,7205,1757368150,1757368150
4523356-88_R_98_8801_18:35-RESEAU2023-88-Semaine-83-1101100,9,7210,1757368226,1757368226
4523356-88_R_98_8801_18:35-RESEAU2023-88-Semaine-83-1101100,10,7204,1757368295,1757368295
4523356-88_R_98_8801_18:35-RESEAU2023-88-Semaine-83-1101100,11,7209,1757368470,1757368470
4523356-88_R_98_8801_18:35-RESEAU2023-88-Semaine-83-1101100,12,7206,1757368586,1757368586
4523356-88_R_98_8801_18:35-RESEAU2023-88-Semaine-83-1101100,13,7208,1757368650,1757368650
4523356-88_R_98_8801_18:35-RESEAU2023-88-Semaine-83-1101100,14,7213,1757368719,1757368719
4523356-88_R_98_8801_18:35-RESEAU2023-88-Semaine-83-1101100,15,7097,1757368766,1757368766
4523356-88_R_98_8801_18:35-RESEAU2023-88-Semaine-83-1101100,16,7103,1757368869,1757368869
4523356-88_R_98_8801_18:35-RESEAU2023-88-Semaine-83-1101100,17,7042,1757368926,1757368926
4523356-88_R_98_8801_18:35-RESEAU2023-88-Semaine-83-1101100,18,7071,1757369013,1757369013
4523356-88_R_98_8801_18:35-RESEAU2023-88-Semaine-83-1101100,19,7083,1757369066,1757369066
4523356-88_R_98_8801_18:35-RESEAU2023-88-Semaine-83-1101100,20,7050,1757369126,1757369126
4523356-88_R_98_8801_18:35-RESEAU2023-88-Semaine-83-1101100,21,7072,1757369232,1757369232
4523356-88_R_98_8801_18:35-RESEAU2023-88-Semaine-83-1101100,22,641,1757369367,1757369367
4523356-88_R_98_8801_18:35-RESEAU2023-88-Semaine-83-1101100,23,568,1757369485,1757369485
4523356-88_R_98_8801_18:35-RESEAU2023-88-Semaine-83-1101100,24,654,1757369538,1757369538
4523356-88_R_98_8801_18:35-RESEAU2023-88-Semaine-83-1101100,25,1008,1757369633,1757369633
4523356-88_R_98_8801_18:35-RESEAU2023-88-Semaine-83-1101100,26,774,1757369680,1757369680
4523356-88_R_98_8801_18:35-RESEAU2023-88-Semaine-83-1101100,27,25,1757369766,1757369766
4523356-88_R_98_8801_18:35-RESEAU2023-88-Semaine-83-1101100,28,248,1757369870,1757369870
4523356-88_R_98_8801_18:35-RESEAU2023-88-Semaine-83-1101100,29,1,1757369931,1757369931
4523356-88_R_98_8801_18:35-RESEAU2023-88-Semaine-83-1101100,30,2788,1757369999,1757369999
4523356-88_R_98_8801_18:35-RESEAU2023-88-Semaine-83-1101100,31,421,,1757370090
4523356-88_R_98_8801_18:35-RESEAU2023-88-Semaine-83-1101100,32,1024,,1757370138
4523356-88_R_98_8801_18:35-RESEAU2023-88-Semaine-83-1101100,33,468,,1757370202
4523356-88_R_98_8801_18:35-RESEAU2023-88-Semaine-83-1101100,34,476,,1757370276
4523356-88_R_98_8801_18:35-RESEAU2023-88-Semaine-83-1101100,36,2577,1757370415,
5839191-Exp4_R_97_EXP403_22:50-PROJET2025-Exp4-Semaine-04,0,21583,,1757364600
5839191-Exp4_R_97_EXP403_22:50-PROJET2025-Exp4-Semaine-04,1,21261,1757364650,1757364650
5839191-Exp4_R_97_EXP403_22:50-PROJET2025-Exp4-Semaine-04,2,21265,1757364697,1757364697
5839191-Exp4_R_97_EXP403_22:50-PROJET2025-Exp4-Semaine-04,3,21266,1757364737,1757364737
5839191-Exp4_R_97_EXP403_22:50-PROJET2025-Exp4-Semaine-04,4,21267,1757364777,1757364777
5839191-Exp4_R_97_EXP403_22:50-PROJET2025-Exp4-Semaine-04,5,21268,1757364817,1757364817
5839191-Exp4_R_97_EXP403_22:50-PROJET2025-Exp4-Semaine-04,6,21269,1757364872,1757364872
5839191-Exp4_R_97_EXP403_22:50-PROJET2025-Exp4-Semaine-04,7,21270,1757364905,1757364905
5839191-Exp4_R_97_EXP403_22:50-PROJET2025-Exp4-Semaine-04,8,21271,1757364954,1757364954
5839191-Exp4_R_97_EXP403_22:50-PROJET2025-Exp4-Semaine-04,9,21272,1757365013,1757365013
5839191-Exp4_R_97_EXP403_22:50-PROJET2025-Exp4-Semaine-04,10,21273,1757365071,1757365071
5839191-Exp4_R_97_EXP403_22:50-PROJET2025-Exp4-Semaine-04,11,21274,1757365123,1757365123
5839191-Exp4_R_97_EXP403_22:50-PROJET2025-Exp4-Semaine-04,12,21275,1757365196,1757365196
5839191-Exp4_R_97_EXP403_22:50-PROJET2025-Exp4-Semaine-04,13,21276,1757365245,1757365245
5839191-Exp4_R_97_EXP403_22:50-PROJET2025-Exp4-Semaine-04,14,21277,1757365302,1757365302
5839191-Exp4_R_97_EXP403_22:50-PROJET2025-Exp4-Semaine-04,15,21278,1757365366,1757365366
5839191-Exp4_R_97_EXP403_22:50-PROJET2025-Exp4-Semaine-04,16,21262,1757365422,1757365422
5839191-Exp4_R_97_EXP403_22:50-PROJET2025-Exp4-Semaine-04,17,21735,,1757365500
5839191-Exp4_R_97_EXP403_22:50-PROJET2025-Exp4-Semaine-04,18,2994,1757366314,1757366314
5839191-Exp4_R_97_EXP403_22:50-PROJET2025-Exp4-Semaine-04,19,2835,1757366400,1757366400
5839191-Exp4_R_97_EXP403_22:50-PROJET2025-Exp4-Semaine-04,20,1158,1757366552,1757366552
5839191-Exp4_R_97_EXP403_22:50-PROJET2025-Exp4-Semaine-04,21,816,1757366580,1757366580
5839191-Exp4_R_97_EXP403_22:50-PROJET2025-Exp4-Semaine-04,22,127,1757366693,1757366693
5839191-Exp4_R_97_EXP403_22:50-PROJET2025-Exp4-Semaine-04,23,2971,1757366880,
6409668-57_R_99_5703_22:05-SETP2025-57-Semaine-06,16,1349,1757362993,1757362993
6409668-57_R_99_5703_22:05-SETP2025-57-Semaine-06,17,1017,1757363053,1757363053
6409668-57_R_99_5703_22:05-SETP2025-57-Semaine-06,18,1297,,1757363123
6409668-57_R_99_5703_22:05-SETP2025-57-Semaine-06,19,458,1757363197,1757363197
6409668-57_R_99_5703_22:05-SETP2025-57-Semaine-06,20,457,1757363223,1757363223
6409668-57_R_99_5703_22:05-SETP2025-57-Semaine-06,21,48,1757363307,1757363307
6409668-57_R_99_5703_22:05-SETP2025-57-Semaine-06,22,986,1757363416,1757363416
6409668-57_R_99_5703_22:05-SETP2025-57-Semaine-06,23,1354,1757363489,1757363489
6409668-57_R_99_5703_22:05-SETP2025-57-Semaine-06,24,2803,,1757363580
6409668-57_R_99_5703_22:05-SETP2025-57-Semaine-06,25,1179,,1757363703
6409668-57_R_99_5703_22:05-SETP2025-57-Semaine-06,26,14,1757363827,1757363827
6409668-57_R_99_5703_22:05-SETP2025-57-Semaine-06,27,1381,1757363879,1757363879
6409668-57_R_99_5703_22:05-SETP2025-57-Semaine-06,28,312,1757363887,1757363887
6409668-57_R_99_5703_22:05-SETP2025-57-Semaine-06,29,148,1757364079,1757364079
6409668-57_R_99_5703_22:05-SETP2025-57-Semaine-06,30,98,1757364186,1757364186
6409668-57_R_99_5703_22:05-SETP2025-57-Semaine-06,31,86,1757364281,1757364281
6409668-57_R_99_5703_22:05-SETP2025-57-Semaine-06,32,313,1757364297,1757364297
6409668-57_R_99_5703_22:05-SETP2025-57-Semaine-06,33,1150,1757364301,
6170495-L2_R_98__22:30-JANV2025-L2-Semaine-09,0,2602,,1757363520
6170495-L2_R_98__22:30-JANV2025-L2-Semaine-09,1,2603,1757363640,1757363640
6170495-L2_R_98__22:30-JANV2025-L2-Semaine-09,2,2605,1757363700,1757363700
6170495-L2_R_98__22:30-JANV2025-L2-Semaine-09,3,2607,1757363820,1757363820
6170495-L2_R_98__22:30-JANV2025-L2-Semaine-09,4,2609,1757363940,1757363940
6170495-L2_R_98__22:30-JANV2025-L2-Semaine-09,5,2774,1757364060,1757364060
6170495-L2_R_98__22:30-JANV2025-L2-Semaine-09,6,2613,1757364120,1757364120
6170495-L2_R_98__22:30-JANV2025-L2-Semaine-09,7,2615,1757364180,1757364180
6170495-L2_R_98__22:30-JANV2025-L2-Semaine-09,8,2617,1757364300,1757364300
6170495-L2_R_98__22:30-JANV2025-L2-Semaine-09,9,2775,1757364420,1757364420
6170495-L2_R_98__22:30-JANV2025-L2-Semaine-09,10,2776,1757364600,1757364600
6170495-L2_R_98__22:30-JANV2025-L2-Semaine-09,11,2621,1757364720,1757364720
6429309-15_A_50_1502_23:00-SETP2025-15-Semaine-11,0,2581,,1757365200
6429309-15_A_50_1502_23:00-SETP2025-15-Semaine-11,1,312,1757365261,1757365261
6429309-15_A_50_1502_23:00-SETP2025-15-Semaine-11,2,148,1757365440,1757365440
6429309-15_A_50_1502_23:00-SETP2025-15-Semaine-11,3,98,1757365493,1757365493
6429309-15_A_50_1502_23:00-SETP2025-15-Semaine-11,4,89,1757365519,1757365519
6429309-15_A_50_1502_23:00-SETP2025-15-Semaine-11,5,703,1757365544,1757365544
6429309-15_A_50_1502_23:00-SETP2025-15-Semaine-11,6,2588,1757365575,1757365575
6429309-15_A_50_1502_23:00-SETP2025-15-Semaine-11,7,497,1757365623,1757365623
6429309-15_A_50_1502_23:00-SETP2025-15-Semaine-11,8,1019,1757365661,1757365661
6429309-15_A_50_1502_23:00-SETP2025-15-Semaine-11,9,1180,1757365692,1757365692
6429309-15_A_50_1502_23:00-SETP2025-15-Semaine-11,10,705,1757365719,1757365719
6429309-15_A_50_1502_23:00-SETP2025-15-Semaine-11,11,768,1757365758,1757365758
6429309-15_A_50_1502_23:00-SETP2025-15-Semaine-11,12,886,1757365837,1757365837
6429309-15_A_50_1502_23:00-SETP2025-15-Semaine-11,13,511,1757365920,1757365920
6429309-15_A_50_1502_23:00-SETP2025-15-Semaine-11,14,96,1757365968,1757365968
6429309-15_A_50_1502_23:00-SETP2025-15-Semaine-11,15,788,1757366022,1757366022
6429309-15_A_50_1502_23:00-SETP2025-15-Semaine-11,16,8045,1757366076,1757366076
6429309-15_A_50_1502_23:00-SETP2025-15-Semaine-11,17,8155,1757366120,1757366120
6429309-15_A_50_1502_23:00-SETP2025-15-Semaine-11,18,8130,1757366160,1757366160
6429309-15_A_50_1502_23:00-SETP2025-15-Semaine-11,19,8073,1757366217,1757366217
6429309-15_A_50_1502_23:00-SETP2025-15-Semaine-11,20,8106,1757366244,1757366244
6429309-15_A_50_1502_23:00-SETP2025-15-Semaine-11,21,8123,1757366293,1757366293
6429309-15_A_50_1502_23:00-SETP2025-15-Semaine-11,22,8161,1757366333,1757366333
6429309-15_A_50_1502_23:00-SETP2025-15-Semaine-11,23,8002,1757366375,1757366375
6429309-15_A_50_1502_23:00-SETP2025-15-Semaine-11,24,8145,1757366410,1757366410
6429309-15_A_50_1502_23:00-SETP2025-15-Semaine-11,25,8003,,1757366460
6429309-15_A_50_1502_23:00-SETP2025-15-Semaine-11,26,8070,1757366519,1757366519
6429309-15_A_50_1502_23:00-SETP2025-15-Semaine-11,27,8172,1757366573,1757366573
6429309-15_A_50_1502_23:00-SETP2025-15-Semaine-11,28,8069,1757366624,1757366624
6429309-15_A_50_1502_23:00-SETP2025-15-Semaine-11,29,8127,,1757366699
6429309-15_A_50_1502_23:00-SETP2025-15-Semaine-11,30,8244,1757366754,1757366754
6429309-15_A_50_1502_23:00-SETP2025-15-Semaine-11,31,8089,1757366857,1757366857
6429309-15_A_50_1502_23:00-SETP2025-15-Semaine-11,32,8137,1757366914,1757366914
6429309-15_A_50_1502_23:00-SETP2025-15-Semaine-11,33,8132,1757366964,1757366964
6429309-15_A_50_1502_23:00-SETP2025-15-Semaine-11,34,8170,1757367025,1757367025
6429309-15_A_50_1502_23:00-SETP2025-15-Semaine-11,35,8052,1757367065,1757367065
6429309-15_A_50_1502_23:00-SETP2025-15-Semaine-11,36,8148,1757367120,
6102623-63_A_48_6305_22:00-PROJET2025-63-Semaine-72-1101100,30,272,1757363033,1757363033
6102623-63_A_48_6305_22:00-PROJET2025-63-Semaine-72-1101100,31,1173,1757363064,1757363064
6102623-63_A_48_6305_22:00-PROJET2025-63-Semaine-72-1101100,32,742,1757363085,1757363085
6102623-63_A_48_6305_22:00-PROJET2025-63-Semaine-72-1101100,33,624,1757363106,1757363106
6102623-63_A_48_6305_22:00-PROJET2025-63-Semaine-72-1101100,34,998,1757363135,1757363135
6102623-63_A_48_6305_22:00-PROJET2025-63-Semaine-72-1101100,35,417,1757363144,1757363144
6102623-63_A_48_6305_22:00-PROJET2025-63-Semaine-72-1101100,36,663,1757363181,1757363181
6102623-63_A_48_6305_22:00-PROJET2025-63-Semaine-72-1101100,37,550,1757363215,1757363215
6102623-63_A_48_6305_22:00-PROJET2025-63-Semaine-72-1101100,38,590,1757363234,1757363234
6102623-63_A_48_6305_22:00-PROJET2025-63-Semaine-72-1101100,39,194,1757363267,1757363267
6102623-63_A_48_6305_22:00-PROJET2025-63-Semaine-72-1101100,40,54,1757363282,1757363282
6102623-63_A_48_6305_22:00-PROJET2025-63-Semaine-72-1101100,41,414,1757363382,1757363382
6102623-63_A_48_6305_22:00-PROJET2025-63-Semaine-72-1101100,42,502,1757363386,1757363386
6102623-63_A_48_6305_22:00-PROJET2025-63-Semaine-72-1101100,43,426,1757363424,1757363424
6102623-63_A_48_6305_22:00-PROJET2025-63-Semaine-72-1101100,44,1217,1757363458,1757363458
6102623-63_A_48_6305_22:00-PROJET2025-63-Semaine-72-1101100,45,1205,1757363496,1757363496
6102623-63_A_48_6305_22:00-PROJET2025-63-Semaine-72-1101100,46,712,,1757363656
6102623-63_A_48_6305_22:00-PROJET2025-63-Semaine-72-1101100,47,1427,1757363812,
6429340-15_R_99_1504_22:30-SETP2025-15-Semaine-11,0,8148,,1757363400
6429340-15_R_99_1504_22:30-SETP2025-15-Semaine-11,1,8124,1757363425,1757363425
6429340-15_R_99_1504_22:30-SETP2025-15-Semaine-11,2,8095,1757363486,1757363486
6429340-15_R_99_1504_22:30-SETP2025-15-Semaine-11,3,8138,1757363519,1757363519
6429340-15_R_99_1504_22:30-SETP2025-15-Semaine-11,4,8090,1757363569,1757363569
6429340-15_R_99_1504_22:30-SETP2025-15-Semaine-11,5,8144,1757363648,1757363648
6429340-15_R_99_1504_22:30-SETP2025-15-Semaine-11,6,8003,,1757363700
6429340-15_R_99_1504_22:30-SETP2025-15-Semaine-11,7,8070,1757363751,1757363751
6429340-15_R_99_1504_22:30-SETP2025-15-Semaine-11,8,8172,1757363798,1757363798
6429340-15_R_99_1504_22:30-SETP2025-15-Semaine-11,9,8069,1757363842,1757363842
6429340-15_R_99_1504_22:30-SETP2025-15-Semaine-11,10,8127,,1757363907
6429340-15_R_99_1504_22:30-SETP2025-15-Semaine-11,11,8001,1757363977,1757363977
6429340-15_R_99_1504_22:30-SETP2025-15-Semaine-11,12,8160,1757364042,1757364042
6429340-15_R_99_1504_22:30-SETP2025-15-Semaine-11,13,8107,1757364165,1757364165
6429340-15_R_99_1504_22:30-SETP2025-15-Semaine-11,14,8072,1757364230,1757364230
6429340-15_R_99_1504_22:30-SETP2025-15-Semaine-11,15,8129,,1757364300
6429340-15_R_99_1504_22:30-SETP2025-15-Semaine-11,16,8156,1757364336,1757364336
6429340-15_R_99_1504_22:30-SETP2025-15-Semaine-11,17,789,1757364443,1757364443
6429340-15_R_99_1504_22:30-SETP2025-15-Semaine-11,18,97,1757364481,1757364481
6429340-15_R_99_1504_22:30-SETP2025-15-Semaine-11,19,512,1757364540,1757364540
6429340-15_R_99_1504_22:30-SETP2025-15-Semaine-11,20,887,1757364627,1757364627
6429340-15_R_99_1504_22:30-SETP2025-15-Semaine-11,21,769,1757364723,1757364723
6429340-15_R_99_1504_22:30-SETP2025-15-Semaine-11,22,704,1757364749,1757364749
6429340-15_R_99_1504_22:30-SETP2025-15-Semaine-11,23,1181,1757364795,1757364795
6429340-15_R_99_1504_22:30-SETP2025-15-Semaine-11,24,1020,1757364826,1757364826
6429340-15_R_99_1504_22:30-SETP2025-15-Semaine-11,25,498,1757364865,1757364865
6429340-15_R_99_1504_22:30-SETP2025-15-Semaine-11,26,179,1757364924,1757364924
6429340-15_R_99_1504_22:30-SETP2025-15-Semaine-11,27,700,1757364978,1757364978
6429340-15_R_99_1504_22:30-SETP2025-15-Semaine-11,28,463,1757365080,1757365080
6429340-15_R_99_1504_22:30-SETP2025-15-Semaine-11,29,2581,1757365320,
6368765-09_R_99_0904_22:00-PROJET2025-09-Semaine-35,18,4270,1757363025,1757363025
6368765-09_R_99_0904_22:00-PROJET2025-09-Semaine-35,19,4269,1757363068,1757363068
6368765-09_R_99_0904_22:00-PROJET2025-09-Semaine-35,20,4272,1757363172,1757363172
6368765-09_R_99_0904_22:00-PROJET2025-09-Semaine-35,21,3076,1757363514,1757363514
6368765-09_R_99_0904_22:00-PROJET2025-09-Semaine-35,22,3022,1757363493,1757363493
6368765-09_R_99_0904_22:00-PROJET2025-09-Semaine-35,23,3254,1757363514,1757363514
6368765-09_R_99_0904_22:00-PROJET2025-09-Semaine-35,24,3238,1757363564,1757363564
6368765-09_R_99_0904_22:00-PROJET2025-09-Semaine-35,25,3233,1757363703,1757363703
6368765-09_R_99_0904_22:00-PROJET2025-09-Semaine-35,26,3059,1757363729,1757363729
6368765-09_R_99_0904_22:00-PROJET2025-09-Semaine-35,27,3146,1757363755,
6452556-T1_A_12_VT122_23:00-SETP2025-L1-Semaine-04,0,2517,,1757365200
6452556-T1_A_12_VT122_23:00-SETP2025-L1-Semaine-04,1,2507,1757365320,1757365320
6452556-T1_A_12_VT122_23:00-SETP2025-L1-Semaine-04,2,2519,1757365440,1757365440
6452556-T1_A_12_VT122_23:00-SETP2025-L1-Semaine-04,3,2513,1757365500,1757365500
6452556-T1_A_12_VT122_23:00-SETP2025-L1-Semaine-04,4,2539,1757365620,1757365620
6170483-L2_A_49__22:00-JANV2025-L2-Semaine-09,8,2618,1757363072,1757363072
6170483-L2_A_49__22:00-JANV2025-L2-Semaine-09,9,2616,1757363236,1757363236
6170483-L2_A_49__22:00-JANV2025-L2-Semaine-09,10,2614,1757363403,1757363403
6170483-L2_A_49__22:00-JANV2025-L2-Semaine-09,11,2770,1757363463,1757363463
6170483-L2_A_49__22:00-JANV2025-L2-Semaine-09,12,2610,1757363536,1757363536
6170483-L2_A_49__22:00-JANV2025-L2-Semaine-09,13,2608,1757363656,1757363656
6170483-L2_A_49__22:00-JANV2025-L2-Semaine-09,14,2606,1757363776,1757363776
6170483-L2_A_49__22:00-JANV2025-L2-Semaine-09,15,2604,1757363836,1757363836
6170483-L2_A_49__22:00-JANV2025-L2-Semaine-09,16,2644,1757363956,
6416049-21_R_99_2103_22:00-SETP2025-21-Semaine-40,24,5104,1757363034,1757363034
6416049-21_R_99_2103_22:00-SETP2025-21-Semaine-40,25,2995,1757363066,1757363066
6416049-21_R_99_2103_22:00-SETP2025-21-Semaine-40,27,5121,1757363227,1757363227
6416049-21_R_99_2103_22:00-SETP2025-21-Semaine-40,28,5218,1757363220,1757363220
6416049-21_R_99_2103_22:00-SETP2025-21-Semaine-40,29,5220,1757363374,1757363374
6416049-21_R_99_2103_22:00-SETP2025-21-Semaine-40,30,2971,1757363601,
5838841-22_A_45_2213_22:30-PROJET2025-22-Semaine-20,0,2852,,1757363400
5838841-22_A_45_2213_22:30-PROJET2025-22-Semaine-20,1,1277,1757363700,1757363700
5838841-22_A_45_2213_22:30-PROJET2025-22-Semaine-20,2,1521,,1757363716
5838841-22_A_45_2213_22:30-PROJET2025-22-Semaine-20,3,2836,1757363811,1757363811
5838841-22_A_45_2213_22:30-PROJET2025-22-Semaine-20,4,2993,1757363880,1757363880
5838841-22_A_45_2213_22:30-PROJET2025-22-Semaine-20,5,21736,,1757364780
5838841-22_A_45_2213_22:30-PROJET2025-22-Semaine-20,6,21231,1757364960,1757364960
5838841-22_A_45_2213_22:30-PROJET2025-22-Semaine-20,7,21235,1757365029,1757365029
5838841-22_A_45_2213_22:30-PROJET2025-22-Semaine-20,8,21234,1757365119,1757365119
5838841-22_A_45_2213_22:30-PROJET2025-22-Semaine-20,9,2802,1757365161,1757365161
5838841-22_A_45_2213_22:30-PROJET2025-22-Semaine-20,10,21280,1757365204,1757365204
5838841-22_A_45_2213_22:30-PROJET2025-22-Semaine-20,11,21281,1757365245,1757365245
5838841-22_A_45_2213_22:30-PROJET2025-22-Semaine-20,12,21257,1757365320,
6414368-07_A_49_0701_22:10-SETP2025-07-L-Ma-J-V-41,11,247,1757362998,1757362998
6414368-07_A_49_0701_22:10-SETP2025-07-L-Ma-J-V-41,12,275,1757363087,1757363087
6414368-07_A_49_0701_22:10-SETP2025-07-L-Ma-J-V-41,13,1302,,1757363167
6414368-07_A_49_0701_22:10-SETP2025-07-L-Ma-J-V-41,14,1073,1757363341,1757363341
6414368-07_A_49_0701_22:10-SETP2025-07-L-Ma-J-V-41,15,557,1757363415,1757363415
6414368-07_A_49_0701_22:10-SETP2025-07-L-Ma-J-V-41,16,1281,1757363446,1757363446
6414368-07_A_49_0701_22:10-SETP2025-07-L-Ma-J-V-41,17,67,,1757363500
6414368-07_A_49_0701_22:10-SETP2025-07-L-Ma-J-V-41,18,480,1757363617,1757363617
6414368-07_A_49_0701_22:10-SETP2025-07-L-Ma-J-V-41,19,117,1757363707,1757363707
6414368-07_A_49_0701_22:10-SETP2025-07-L-Ma-J-V-41,20,1153,,1757363767
6414368-07_A_49_0701_22:10-SETP2025-07-L-Ma-J-V-41,21,314,1757363815,1757363815
6414368-07_A_49_0701_22:10-SETP2025-07-L-Ma-J-V-41,22,87,1757363854,1757363854
6414368-07_A_49_0701_22:10-SETP2025-07-L-Ma-J-V-41,23,703,1757363945,1757363945
6414368-07_A_49_0701_22:10-SETP2025-07-L-Ma-J-V-41,24,701,1757363969,
4523353-88_R_98_8801_16:50-RESEAU2023-88-Semaine-83-1101100,17,7042,1757362986,1757362986
4523353-88_R_98_8801_16:50-RESEAU2023-88-Semaine-83-1101100,18,7071,1757363043,1757363043
4523353-88_R_98_8801_16:50-RESEAU2023-88-Semaine-83-1101100,19,7083,1757363096,1757363096
4523353-88_R_98_8801_16:50-RESEAU2023-88-Semaine-83-1101100,20,7050,1757363156,1757363156
4523353-88_R_98_8801_16:50-RESEAU2023-88-Semaine-83-1101100,21,7072,1757363292,1757363292
4523353-88_R_98_8801_16:50-RESEAU2023-88-Semaine-83-1101100,22,641,1757363427,1757363427
4523353-88_R_98_8801_16:50-RESEAU2023-88-Semaine-83-1101100,23,568,1757363545,1757363545
4523353-88_R_98_8801_16:50-RESEAU2023-88-Semaine-83-1101100,24,654,1757363598,1757363598
4523353-88_R_98_8801_16:50-RESEAU2023-88-Semaine-83-1101100,25,1008,1757363693,1757363693
4523353-88_R_98_8801_16:50-RESEAU2023-88-Semaine-83-1101100,26,774,1757363740,1757363740
4523353-88_R_98_8801_16:50-RESEAU2023-88-Semaine-83-1101100,27,25,1757363826,1757363826
4523353-88_R_98_8801_16:50-RESEAU2023-88-Semaine-83-1101100,28,248,1757363930,1757363930
4523353-88_R_98_8801_16:50-RESEAU2023-88-Semaine-83-1101100,29,1,1757363961,1757363961
4523353-88_R_98_8801_16:50-RESEAU2023-88-Semaine-83-1101100,30,2788,1757364059,1757364059
4523353-88_R_98_8801_16:50-RESEAU2023-88-Semaine-83-1101100,31,421,,1757364150
4523353-88_R_98_8801_16:50-RESEAU2023-88-Semaine-83-1101100,32,1024,,1757364198
4523353-88_R_98_8801_16:50-RESEAU2023-88-Semaine-83-1101100,33,468,,1757364262
4523353-88_R_98_8801_16:50-RESEAU2023-88-Semaine-83-1101100,34,476,,1757364336
4523353-88_R_98_8801_16:50-RESEAU2023-88-Semaine-83-1101100,35,2583,1757364444,1757364444
4523353-88_R_98_8801_16:50-RESEAU2023-88-Semaine-83-1101100,36,2577,1757364475,
6452553-T1_A_12_VT105_22:00-SETP2025-L1-Semaine-04,13,2501,1757363020,1757363044
6452553-T1_A_12_VT105_22:00-SETP2025-L1-Semaine-04,14,2527,1757363107,1757363107
6452553-T1_A_12_VT105_22:00-SETP2025-L1-Semaine-04,15,2540,1757363227,1757363227
6452553-T1_A_12_VT105_22:00-SETP2025-L1-Semaine-04,16,2534,1757363287,1757363287
6452553-T1_A_12_VT105_22:00-SETP2025-L1-Semaine-04,17,2536,1757363407,1757363407
6452553-T1_A_12_VT105_22:00-SETP2025-L1-Semaine-04,18,2542,1757363467,1757363467
6452553-T1_A_12_VT105_22:00-SETP2025-L1-Semaine-04,19,2532,1757363587,1757363587
6452553-T1_A_12_VT105_22:00-SETP2025-L1-Semaine-04,20,2528,1757363707,1757363707
6452553-T1_A_12_VT105_22:00-SETP2025-L1-Semaine-04,21,2643,1757363827,
5839192-Exp4_A_50_EXP403_22:05-PROJET2025-Exp4-Semaine-04,5,21734,1757363040,1757363040
5839192-Exp4_A_50_EXP403_22:05-PROJET2025-Exp4-Semaine-04,6,2907,1757363100,1757363100
5839192-Exp4_A_50_EXP403_22:05-PROJET2025-Exp4-Semaine-04,7,21566,1757363126,1757363126
5839192-Exp4_A_50_EXP403_22:05-PROJET2025-Exp4-Semaine-04,8,21567,1757363152,1757363152
5839192-Exp4_A_50_EXP403_22:05-PROJET2025-Exp4-Semaine-04,9,21568,1757363116,1757363116
5839192-Exp4_A_50_EXP403_22:05-PROJET2025-Exp4-Semaine-04,10,21569,1757363141,1757363141
5839192-Exp4_A_50_EXP403_22:05-PROJET2025-Exp4-Semaine-04,11,21570,1757363226,1757363226
5839192-Exp4_A_50_EXP403_22:05-PROJET2025-Exp4-Semaine-04,12,21571,1757363192,1757363192
5839192-Exp4_A_50_EXP403_22:05-PROJET2025-Exp4-Semaine-04,13,21572,1757363368,1757363368
5839192-Exp4_A_50_EXP403_22:05-PROJET2025-Exp4-Semaine-04,14,21573,1757363362,1757363362
5839192-Exp4_A_50_EXP403_22:05-PROJET2025-Exp4-Semaine-04,15,21574,1757363411,1757363411
5839192-Exp4_A_50_EXP403_22:05-PROJET2025-Exp4-Semaine-04,16,21575,1757363500,1757363500
5839192-Exp4_A_50_EXP403_22:05-PROJET2025-Exp4-Semaine-04,17,21576,1757363572,1757363572
5839192-Exp4_A_50_EXP403_22:05-PROJET2025-Exp4-Semaine-04,18,21577,1757363556,1757363556
5839192-Exp4_A_50_EXP403_22:05-PROJET2025-Exp4-Semaine-04,19,21578,1757363640,1757363640
5839192-Exp4_A_50_EXP403_22:05-PROJET2025-Exp4-Semaine-04,20,21579,1757363724,1757363724
5839192-Exp4_A_50_EXP403_22:05-PROJET2025-Exp4-Semaine-04,21,21580,1757363750,1757363750
5839192-Exp4_A_50_EXP403_22:05-PROJET2025-Exp4-Semaine-04,22,21581,1757363755,1757363755
5839192-Exp4_A_50_EXP403_22:05-PROJET2025-Exp4-Semaine-04,23,21582,1757363849,
6170746-L3_R_97__21:38-JANV2025-L3-Semaine-09,21,2793,1757363040,1757363073
6170746-L3_R_97__21:38-JANV2025-L3-Semaine-09,22,2790,1757363188,
6102624-63_A_48_6305_23:00-PROJET2025-63-Semaine-72-1101100,0,1422,,1757365200
6102624-63_A_48_6305_23:00-PROJET2025-63-Semaine-72-1101100,1,1616,1757365325,1757365325
6102624-63_A_48_6305_23:00-PROJET2025-63-Semaine-72-1101100,2,2980,1757365380,1757365380
6102624-63_A_48_6305_23:00-PROJET2025-63-Semaine-72-1101100,3,1062,1757365392,1757365392
6102624-63_A_48_6305_23:00-PROJET2025-63-Semaine-72-1101100,4,688,1757365477,1757365477
6102624-63_A_48_6305_23:00-PROJET2025-63-Semaine-72-1101100,5,932,1757365497,1757365497
6102624-63_A_48_6305_23:00-PROJET2025-63-Semaine-72-1101100,6,1055,1757365540,1757365540
6102624-63_A_48_6305_23:00-PROJET2025-63-Semaine-72-1101100,7,2671,1757365560,1757365560
6102624-63_A_48_6305_23:00-PROJET2025-63-Semaine-72-1101100,8,1142,1757365698,1757365698
6102624-63_A_48_6305_23:00-PROJET2025-63-Semaine-72-1101100,9,364,1757365777,1757365777
6102624-63_A_48_6305_23:00-PROJET2025-63-Semaine-72-1101100,10,1187,1757365804,1757365804
6102624-63_A_48_6305_23:00-PROJET2025-63-Semaine-72-1101100,11,107,1757365891,1757365891
6102624-63_A_48_6305_23:00-PROJET2025-63-Semaine-72-1101100,12,677,1757365978,1757365978
6102624-63_A_48_6305_23:00-PROJET2025-63-Semaine-72-1101100,13,845,1757366042,1757366042
6102624-63_A_48_6305_23:00-PROJET2025-63-Semaine-72-1101100,14,318,1757366084,1757366084
6102624-63_A_48_6305_23:00-PROJET2025-63-Semaine-72-1101100,15,1192,1757366160,1757366160
6102624-63_A_48_6305_23:00-PROJET2025-63-Semaine-72-1101100,16,1041,1757366199,1757366199
6102624-63_A_48_6305_23:00-PROJET2025-63-Semaine-72-1101100,17,1289,1757366242,1757366242
6102624-63_A_48_6305_23:00-PROJET2025-63-Semaine-72-1101100,18,546,1757366280,1757366280
6102624-63_A_48_6305_23:00-PROJET2025-63-Semaine-72-1101100,19,827,1757366322,1757366322
6102624-63_A_48_6305_23:00-PROJET2025-63-Semaine-72-1101100,20,854,1757366347,1757366347
6102624-63_A_48_6305_23:00-PROJET2025-63-Semaine-72-1101100,21,784,1757366402,1757366402
6102624-63_A_48_6305_23:00-PROJET2025-63-Semaine-72-1101100,22,288,1757366416,1757366416
6102624-63_A_48_6305_23:00-PROJET2025-63-Semaine-72-1101100,23,240,1757366443,1757366443
6102624-63_A_48_6305_23:00-PROJET2025-63-Semaine-72-1101100,24,372,1757366467,1757366467
6102624-63_A_48_6305_23:00-PROJET2025-63-Semaine-72-1101100,25,268,1757366491,1757366491
6102624-63_A_48_6305_23:00-PROJET2025-63-Semaine-72-1101100,26,820,1757366529,1757366529
6102624-63_A_48_6305_23:00-PROJET2025-63-Semaine-72-1101100,27,673,1757366548,1757366548
6102624-63_A_48_6305_23:00-PROJET2025-63-Semaine-72-1101100,28,1243,1757366580,1757366580
6102624-63_A_48_6305_23:00-PROJET2025-63-Semaine-72-1101100,29,1334,1757366637,1757366637
6102624-63_A_48_6305_23:00-PROJET2025-63-Semaine-72-1101100,30,272,1757366668,1757366668
6102624-63_A_48_6305_23:00-PROJET2025-63-Semaine-72-1101100,31,1173,1757366712,1757366712
6102624-63_A_48_6305_23:00-PROJET2025-63-Semaine-72-1101100,32,742,1757366765,1757366765
6102624-63_A_48_6305_23:00-PROJET2025-63-Semaine-72-1101100,33,624,1757366792,1757366792
6102624-63_A_48_6305_23:00-PROJET2025-63-Semaine-72-1101100,34,998,1757366803,1757366803
6102624-63_A_48_6305_23:00-PROJET2025-63-Semaine-72-1101100,35,417,1757366821,1757366821
6102624-63_A_48_6305_23:00-PROJET2025-63-Semaine-72-1101100,36,663,1757366855,1757366855
6102624-63_A_48_6305_23:00-PROJET2025-63-Semaine-72-1101100,37,550,1757366883,1757366883
6102624-63_A_48_6305_23:00-PROJET2025-63-Semaine-72-1101100,38,590,1757366914,1757366914
6102624-63_A_48_6305_23:00-PROJET2025-63-Semaine-72-1101100,39,194,1757366947,1757366947
6102624-63_A_48_6305_23:00-PROJET2025-63-Semaine-72-1101100,40,54,1757366966,1757366966
6102624-63_A_48_6305_23:00-PROJET2025-63-Semaine-72-1101100,41,414,1757367036,1757367036
6102624-63_A_48_6305_23:00-PROJET2025-63-Semaine-72-1101100,42,502,1757367066,1757367066
6102624-63_A_48_6305_23:00-PROJET2025-63-Semaine-72-1101100,43,426,1757367092,1757367092
6102624-63_A_48_6305_23:00-PROJET2025-63-Semaine-72-1101100,44,1217,1757367138,1757367138
6102624-63_A_48_6305_23:00-PROJET2025-63-Semaine-72-1101100,45,1205,1757367180,1757367180
6102624-63_A_48_6305_23:00-PROJET2025-63-Semaine-72-1101100,46,712,,1757367330
6102624-63_A_48_6305_23:00-PROJET2025-63-Semaine-72-1101100,47,1427,1757367480,
6452591-T1_R_57_VT103_22:30-SETP2025-L1-Semaine-04,0,2643,,1757363400
6452591-T1_R_57_VT103_22:30-SETP2025-L1-Semaine-04,1,2529,1757363520,1757363520
6452591-T1_R_57_VT103_22:30-SETP2025-L1-Semaine-04,2,2531,1757363640,1757363640
6452591-T1_R_57_VT103_22:30-SETP2025-L1-Semaine-04,3,2543,1757363760,1757363760
6452591-T1_R_57_VT103_22:30-SETP2025-L1-Semaine-04,4,2535,1757363820,1757363820
6452591-T1_R_57_VT103_22:30-SETP2025-L1-Semaine-04,5,2533,1757363940,1757363940
6452591-T1_R_57_VT103_22:30-SETP2025-L1-Semaine-04,6,2541,1757364000,1757364000
6452591-T1_R_57_VT103_22:30-SETP2025-L1-Semaine-04,7,2526,1757364120,1757364120
6452591-T1_R_57_VT103_22:30-SETP2025-L1-Semaine-04,8,2502,1757364180,1757364180
6452591-T1_R_57_VT103_22:30-SETP2025-L1-Semaine-04,9,2511,1757364300,1757364300
6452591-T1_R_57_VT103_22:30-SETP2025-L1-Semaine-04,10,2506,1757364420,1757364420
6452591-T1_R_57_VT103_22:30-SETP2025-L1-Semaine-04,11,2524,1757364480,1757364480
6452591-T1_R_57_VT103_22:30-SETP2025-L1-Semaine-04,12,2523,1757364660,1757364660
6452591-T1_R_57_VT103_22:30-SETP2025-L1-Semaine-04,13,2515,1757364720,1757364720
6452591-T1_R_57_VT103_22:30-SETP2025-L1-Semaine-04,14,2509,1757364840,1757364840
6452591-T1_R_57_VT103_22:30-SETP2025-L1-Semaine-04,15,2521,1757364960,1757364960
6452591-T1_R_57_VT103_22:30-SETP2025-L1-Semaine-04,16,2504,1757365020,1757365020
6452591-T1_R_57_VT103_22:30-SETP2025-L1-Semaine-04,17,2538,1757365140,1757365140
6170487-L2_A_49__22:51-JANV2025-L2-Semaine-09,1,2630,1757365080,1757365080
6414376-07_R_97_0705_22:30-SETP2025-07-L-Ma-J-V-41,0,701,,1757363400
6414376-07_R_97_0705_22:30-SETP2025-07-L-Ma-J-V-41,1,909,1757363479,1757363479
6414376-07_R_97_0705_22:30-SETP2025-07-L-Ma-J-V-41,2,86,1757363580,1757363580
6414376-07_R_97_0705_22:30-SETP2025-07-L-Ma-J-V-41,3,313,1757363628,1757363628
6414376-07_R_97_0705_22:30-SETP2025-07-L-Ma-J-V-41,4,1148,1757363700,1757363700
6414376-07_R_97_0705_22:30-SETP2025-07-L-Ma-J-V-41,5,118,1757363734,1757363734
6414376-07_R_97_0705_22:30-SETP2025-07-L-Ma-J-V-41,6,1457,1757363795,1757363795
6414376-07_R_97_0705_22:30-SETP2025-07-L-Ma-J-V-41,7,1250,,1757363880
6414376-07_R_97_0705_22:30-SETP2025-07-L-Ma-J-V-41,8,55,1757363947,1757363947
6414376-07_R_97_0705_22:30-SETP2025-07-L-Ma-J-V-41,9,2870,1757363991,1757363991
6414376-07_R_97_0705_22:30-SETP2025-07-L-Ma-J-V-41,10,2766,1757364060,1757364060
6414376-07_R_97_0705_22:30-SETP2025-07-L-Ma-J-V-41,11,556,,1757364120
6414376-07_R_97_0705_22:30-SETP2025-07-L-Ma-J-V-41,12,2,1757364212,1757364212
6414376-07_R_97_0705_22:30-SETP2025-07-L-Ma-J-V-41,13,249,1757364268,1757364268
6414376-07_R_97_0705_22:30-SETP2025-07-L-Ma-J-V-41,14,26,1757364360,1757364360
6414376-07_R_97_0705_22:30-SETP2025-07-L-Ma-J-V-41,15,775,1757364454,1757364454
6414376-07_R_97_0705_22:30-SETP2025-07-L-Ma-J-V-41,16,1009,1757364462,1757364462
6414376-07_R_97_0705_22:30-SETP2025-07-L-Ma-J-V-41,17,655,1757364525,1757364525
6414376-07_R_97_0705_22:30-SETP2025-07-L-Ma-J-V-41,18,466,1757364657,1757364657
6414376-07_R_97_0705_22:30-SETP2025-07-L-Ma-J-V-41,19,640,1757364716,1757364716
6414376-07_R_97_0705_22:30-SETP2025-07-L-Ma-J-V-41,20,869,1757364760,1757364760
6414376-07_R_97_0705_22:30-SETP2025-07-L-Ma-J-V-41,21,1185,1757364836,1757364836
6414376-07_R_97_0705_22:30-SETP2025-07-L-Ma-J-V-41,22,1070,1757364888,1757364888
6414376-07_R_97_0705_22:30-SETP2025-07-L-Ma-J-V-41,23,570,1757364938,1757364938
6414376-07_R_97_0705_22:30-SETP2025-07-L-Ma-J-V-41,24,1087,1757364971,1757364971
6414376-07_R_97_0705_22:30-SETP2025-07-L-Ma-J-V-41,25,851,1757365017,1757365017
6414376-07_R_97_0705_22:30-SETP2025-07-L-Ma-J-V-41,26,1065,1757365077,
4669731-62_A_48_6206_22:15-RESEAU2023-62-Semaine-17,10,610,1757363048,1757363048
4669731-62_A_48_6206_22:15-RESEAU2023-62-Semaine-17,11,170,1757363078,1757363078
4669731-62_A_48_6206_22:15-RESEAU2023-62-Semaine-17,12,623,1757363154,1757363154
4669731-62_A_48_6206_22:15-RESEAU2023-62-Semaine-17,13,1089,1757363189,1757363189
4669731-62_A_48_6206_22:15-RESEAU2023-62-Semaine-17,14,675,1757363226,1757363226
4669731-62_A_48_6206_22:15-RESEAU2023-62-Semaine-17,15,136,1757363322,1757363322
4669731-62_A_48_6206_22:15-RESEAU2023-62-Semaine-17,16,1618,1757363367,1757363367
4669731-62_A_48_6206_22:15-RESEAU2023-62-Semaine-17,17,224,1757363362,1757363362
4669731-62_A_48_6206_22:15-RESEAU2023-62-Semaine-17,18,674,1757363430,1757363430
4669731-62_A_48_6206_22:15-RESEAU2023-62-Semaine-17,19,1246,1757363550,1757363550
4669731-62_A_48_6206_22:15-RESEAU2023-62-Semaine-17,20,1088,1757363582,1757363582
4669731-62_A_48_6206_22:15-RESEAU2023-62-Semaine-17,21,1396,1757363605,1757363605
4669731-62_A_48_6206_22:15-RESEAU2023-62-Semaine-17,22,6053,1757363632,1757363632
4669731-62_A_48_6206_22:15-RESEAU2023-62-Semaine-17,23,6023,1757363651,1757363651
4669731-62_A_48_6206_22:15-RESEAU2023-62-Semaine-17,24,6015,1757363820,1757363820
4669731-62_A_48_6206_22:15-RESEAU2023-62-Semaine-17,25,6064,1757363790,1757363790
4669731-62_A_48_6206_22:15-RESEAU2023-62-Semaine-17,26,6021,1757363797,1757363797
4669731-62_A_48_6206_22:15-RESEAU2023-62-Semaine-17,27,6033,1757363910,
6170752-L3_R_97__22:20-JANV2025-L3-Semaine-09,0,2602,1757363002,1757363002
6170752-L3_R_97__22:20-JANV2025-L3-Semaine-09,1,2603,1757363094,1757363094
6170752-L3_R_97__22:20-JANV2025-L3-Semaine-09,2,2605,1757363160,1757363160
6170752-L3_R_97__22:20-JANV2025-L3-Semaine-09,3,2607,1757363280,1757363280
6170752-L3_R_97__22:20-JANV2025-L3-Semaine-09,4,2609,1757363400,1757363400
6170752-L3_R_97__22:20-JANV2025-L3-Semaine-09,5,2774,1757363520,1757363520
6170752-L3_R_97__22:20-JANV2025-L3-Semaine-09,6,2613,1757363580,1757363580
6170752-L3_R_97__22:20-JANV2025-L3-Semaine-09,7,2615,1757363640,1757363640
6170752-L3_R_97__22:20-JANV2025-L3-Semaine-09,8,2617,1757363760,1757363760
6170752-L3_R_97__22:20-JANV2025-L3-Semaine-09,9,2775,1757363880,1757363880
6170752-L3_R_97__22:20-JANV2025-L3-Semaine-09,10,2776,1757364060,1757364060
6170752-L3_R_97__22:20-JANV2025-L3-Semaine-09,11,2621,1757364180,1757364180
6170752-L3_R_97__22:20-JANV2025-L3-Semaine-09,12,2623,1757364300,1757364300
6170752-L3_R_97__22:20-JANV2025-L3-Semaine-09,13,2777,1757364420,1757364420
6170752-L3_R_97__22:20-JANV2025-L3-Semaine-09,17,2801,1757365020,1757365020
6170752-L3_R_97__22:20-JANV2025-L3-Semaine-09,18,2799,1757365080,1757365080
6170752-L3_R_97__22:20-JANV2025-L3-Semaine-09,19,2797,1757365200,1757365200
6170752-L3_R_97__22:20-JANV2025-L3-Semaine-09,20,2795,1757365320,1757365320
6170752-L3_R_97__22:20-JANV2025-L3-Semaine-09,21,2793,1757365440,1757365440
6446628-05_R_50_0510_22:21-SETP2025-05-L-Ma-J-V-38,7,1094,1757363000,1757363000
6446628-05_R_50_0510_22:21-SETP2025-05-L-Ma-J-V-38,8,46,1757363000,1757363000
6446628-05_R_50_0510_22:21-SETP2025-05-L-Ma-J-V-38,9,1104,1757363059,1757363059
6446628-05_R_50_0510_22:21-SETP2025-05-L-Ma-J-V-38,10,378,1757363089,1757363089
6446628-05_R_50_0510_22:21-SETP2025-05-L-Ma-J-V-38,11,729,1757363136,1757363136
6446628-05_R_50_0510_22:21-SETP2025-05-L-Ma-J-V-38,12,1164,1757363179,1757363179
6446628-05_R_50_0510_22:21-SETP2025-05-L-Ma-J-V-38,13,966,1757363230,1757363230
6446628-05_R_50_0510_22:21-SETP2025-05-L-Ma-J-V-38,14,1160,1757363283,1757363283
6446628-05_R_50_0510_22:21-SETP2025-05-L-Ma-J-V-38,15,322,1757363337,1757363337
6446628-05_R_50_0510_22:21-SETP2025-05-L-Ma-J-V-38,16,2923,1757363421,1757363421
6446628-05_R_50_0510_22:21-SETP2025-05-L-Ma-J-V-38,17,1434,1757363458,
6170736-L3_R_97__22:40-JANV2025-L3-Semaine-09,0,2602,,1757364120
6170736-L3_R_97__22:40-JANV2025-L3-Semaine-09,1,2603,1757364240,1757364240
6170736-L3_R_97__22:40-JANV2025-L3-Semaine-09,2,2605,1757364300,1757364300
6170736-L3_R_97__22:40-JANV2025-L3-Semaine-09,3,2607,1757364420,1757364420
6170736-L3_R_97__22:40-JANV2025-L3-Semaine-09,4,2609,1757364540,1757364540
6170736-L3_R_97__22:40-JANV2025-L3-Semaine-09,5,2774,1757364660,1757364660
6170736-L3_R_97__22:40-JANV2025-L3-Semaine-09,6,2613,1757364720,1757364720
6170736-L3_R_97__22:40-JANV2025-L3-Semaine-09,7,2615,1757364780,1757364780
6452588-T1_R_57_VT116_21:50-SETP2025-L1-Semaine-04,18,2512,1757363063,1757363063
6452588-T1_R_57_VT116_21:50-SETP2025-L1-Semaine-04,19,2518,1757363139,1757363139
6452588-T1_R_57_VT116_21:50-SETP2025-L1-Semaine-04,21,2516,1757363319,
6170485-L2_R_98__22:50-JANV2025-L2-Semaine-09,0,2602,,1757364720
6428496-61_R_99_6102_22:00-PROJET2025-61-Semaine-24,28,1053,1757363019,1757363019
6428496-61_R_99_6102_22:00-PROJET2025-61-Semaine-24,29,79,1757363050,1757363050
6428496-61_R_99_6102_22:00-PROJET2025-61-Semaine-24,30,293,1757363034,1757363034
6428496-61_R_99_6102_22:00-PROJET2025-61-Semaine-24,31,425,1757363065,1757363065
6428496-61_R_99_6102_22:00-PROJET2025-61-Semaine-24,32,39,1757363174,1757363174
6428496-61_R_99_6102_22:00-PROJET2025-61-Semaine-24,33,859,1757363208,1757363208
6428496-61_R_99_6102_22:00-PROJET2025-61-Semaine-24,34,1221,1757363218,1757363218
6428496-61_R_99_6102_22:00-PROJET2025-61-Semaine-24,35,297,1757363242,1757363242
6428496-61_R_99_6102_22:00-PROJET2025-61-Semaine-24,36,968,1757363296,1757363296
6428496-61_R_99_6102_22:00-PROJET2025-61-Semaine-24,37,1525,1757363377,1757363377
6428496-61_R_99_6102_22:00-PROJET2025-61-Semaine-24,38,346,1757363391,1757363391
6428496-61_R_99_6102_22:00-PROJET2025-61-Semaine-24,39,2831,1757363421,
6446633-05_A_99_0506_22:40-SETP2025-05-L-Ma-J-V-38,0,1434,,1757364000
6446633-05_A_99_0506_22:40-SETP2025-05-L-Ma-J-V-38,1,1179,,1757364060
6446633-05_A_99_0506_22:40-SETP2025-05-L-Ma-J-V-38,2,14,1757364125,1757364125
6446633-05_A_99_0506_22:40-SETP2025-05-L-Ma-J-V-38,3,1381,1757364166,1757364166
6446633-05_A_99_0506_22:40-SETP2025-05-L-Ma-J-V-38,4,312,1757364240,1757364240
6446633-05_A_99_0506_22:40-SETP2025-05-L-Ma-J-V-38,5,1031,,1757364308
6446633-05_A_99_0506_22:40-SETP2025-05-L-Ma-J-V-38,6,321,,1757364360
6446633-05_A_99_0506_22:40-SETP2025-05-L-Ma-J-V-38,7,1159,1757364437,1757364437
6446633-05_A_99_0506_22:40-SETP2025-05-L-Ma-J-V-38,8,965,1757364489,1757364489
6446633-05_A_99_0506_22:40-SETP2025-05-L-Ma-J-V-38,9,1163,1757364539,1757364539
6446633-05_A_99_0506_22:40-SETP2025-05-L-Ma-J-V-38,10,728,1757364607,1757364607
6446633-05_A_99_0506_22:40-SETP2025-05-L-Ma-J-V-38,11,377,1757364649,1757364649
6446633-05_A_99_0506_22:40-SETP2025-05-L-Ma-J-V-38,12,1103,1757364672,1757364672
6446633-05_A_99_0506_22:40-SETP2025-05-L-Ma-J-V-38,13,1355,1757364741,1757364741
6446633-05_A_99_0506_22:40-SETP2025-05-L-Ma-J-V-38,14,44,1757364780,1757364780
6446633-05_A_99_0506_22:40-SETP2025-05-L-Ma-J-V-38,15,65,1757364839,1757364839
6446633-05_A_99_0506_22:40-SETP2025-05-L-Ma-J-V-38,16,201,,1757364900
6446633-05_A_99_0506_22:40-SETP2025-05-L-Ma-J-V-38,17,68,1757364969,1757364969
6446633-05_A_99_0506_22:40-SETP2025-05-L-Ma-J-V-38,18,1210,1757365010,1757365010
6446633-05_A_99_0506_22:40-SETP2025-05-L-Ma-J-V-38,19,206,1757365056,1757365056
6446633-05_A_99_0506_22:40-SETP2025-05-L-Ma-J-V-38,20,298,1757365092,1757365092
6446633-05_A_99_0506_22:40-SETP2025-05-L-Ma-J-V-38,21,1519,1757365140,
6409679-57_A_50_5712_22:35-SETP2025-57-Semaine-06,0,1150,,1757363700
6409679-57_A_50_5712_22:35-SETP2025-57-Semaine-06,1,314,1757363749,1757363749
6409679-57_A_50_5712_22:35-SETP2025-57-Semaine-06,2,87,1757363809,1757363809
6409679-57_A_50_5712_22:35-SETP2025-57-Semaine-06,3,703,1757363880,1757363880
6409679-57_A_50_5712_22:35-SETP2025-57-Semaine-06,4,700,1757363940,1757363940
6409679-57_A_50_5712_22:35-SETP2025-57-Semaine-06,5,463,1757364081,1757364081
6409679-57_A_50_5712_22:35-SETP2025-57-Semaine-06,6,873,,1757364181
6409679-57_A_50_5712_22:35-SETP2025-57-Semaine-06,7,2656,1757364300,1757364300
6409679-57_A_50_5712_22:35-SETP2025-57-Semaine-06,8,15,1757364342,1757364342
6409679-57_A_50_5712_22:35-SETP2025-57-Semaine-06,9,1033,1757364386,1757364386
6409679-57_A_50_5712_22:35-SETP2025-57-Semaine-06,10,1208,1757364430,1757364430
6409679-57_A_50_5712_22:35-SETP2025-57-Semaine-06,11,1305,1757364524,1757364524
6409679-57_A_50_5712_22:35-SETP2025-57-Semaine-06,12,2910,1757364612,1757364612
6409679-57_A_50_5712_22:35-SETP2025-57-Semaine-06,13,1125,1757364660,1757364660
6409679-57_A_50_5712_22:35-SETP2025-57-Semaine-06,14,52,1757364719,1757364719
6409679-57_A_50_5712_22:35-SETP2025-57-Semaine-06,15,1446,,1757364787
6409679-57_A_50_5712_22:35-SETP2025-57-Semaine-06,16,1092,1757364822,1757364822
6409679-57_A_50_5712_22:35-SETP2025-57-Semaine-06,17,1296,,1757364899
6409679-57_A_50_5712_22:35-SETP2025-57-Semaine-06,18,1016,,1757364969
6409679-57_A_50_5712_22:35-SETP2025-57-Semaine-06,19,1348,,1757365056
6409679-57_A_50_5712_22:35-SETP2025-57-Semaine-06,20,1061,,1757365139
6409679-57_A_50_5712_22:35-SETP2025-57-Semaine-06,21,478,1757365258,1757365258
6409679-57_A_50_5712_22:35-SETP2025-57-Semaine-06,22,303,,1757365247
6409679-57_A_50_5712_22:35-SETP2025-57-Semaine-06,23,324,,1757365319
6409679-57_A_50_5712_22:35-SETP2025-57-Semaine-06,24,404,,1757365391
6409679-57_A_50_5712_22:35-SETP2025-57-Semaine-06,25,1455,,1757365439
6409679-57_A_50_5712_22:35-SETP2025-57-Semaine-06,26,938,1757365607,1757365607
6409679-57_A_50_5712_22:35-SETP2025-57-Semaine-06,27,1476,1757365740,1757365740
6409679-57_A_50_5712_22:35-SETP2025-57-Semaine-06,28,279,1757365718,1757365718
6409679-57_A_50_5712_22:35-SETP2025-57-Semaine-06,29,711,,1757365806
6409679-57_A_50_5712_22:35-SETP2025-57-Semaine-06,30,526,1757365893,1757365893
6409679-57_A_50_5712_22:35-SETP2025-57-Semaine-06,31,510,1757365989,1757365989
6409679-57_A_50_5712_22:35-SETP2025-57-Semaine-06,32,801,1757365986,1757365986
6409679-57_A_50_5712_22:35-SETP2025-57-Semaine-06,33,772,1757366012,1757366012
6409679-57_A_50_5712_22:35-SETP2025-57-Semaine-06,34,2826,1757366039,
6327158-17_A_50_1706_22:10-SETP2025-17-L-Ma-J-V-35,15,23,1757363009,1757363009
6327158-17_A_50_1706_22:10-SETP2025-17-L-Ma-J-V-35,16,2743,1757363100,1757363100
6327158-17_A_50_1706_22:10-SETP2025-17-L-Ma-J-V-35,17,2742,1757363151,1757363151
6327158-17_A_50_1706_22:10-SETP2025-17-L-Ma-J-V-35,18,806,1757363154,1757363154
6327158-17_A_50_1706_22:10-SETP2025-17-L-Ma-J-V-35,19,562,1757363248,1757363248
6327158-17_A_50_1706_22:10-SETP2025-17-L-Ma-J-V-35,20,539,1757363213,1757363213
6327158-17_A_50_1706_22:10-SETP2025-17-L-Ma-J-V-35,21,487,1757363252,1757363252
6327158-17_A_50_1706_22:10-SETP2025-17-L-Ma-J-V-35,22,2652,1757363350,1757363350
6327158-17_A_50_1706_22:10-SETP2025-17-L-Ma-J-V-35,23,2816,1757363453,
6429342-15_R_99_1502_23:40-SETP2025-15-Semaine-11,0,8148,,1757367600
6429342-15_R_99_1502_23:40-SETP2025-15-Semaine-11,1,8124,1757367625,1757367625
6429342-15_R_99_1502_23:40-SETP2025-15-Semaine-11,2,8095,1757367686,1757367686
6429342-15_R_99_1502_23:40-SETP2025-15-Semaine-11,3,8138,1757367719,1757367719
6429342-15_R_99_1502_23:40-SETP2025-15-Semaine-11,4,8090,1757367769,1757367769
6429342-15_R_99_1502_23:40-SETP2025-15-Semaine-11,5,8144,1757367848,1757367848
6429342-15_R_99_1502_23:40-SETP2025-15-Semaine-11,6,8003,,1757367900
6429342-15_R_99_1502_23:40-SETP2025-15-Semaine-11,7,8070,1757367951,1757367951
6429342-15_R_99_1502_23:40-SETP2025-15-Semaine-11,8,8172,1757367998,1757367998
6429342-15_R_99_1502_23:40-SETP2025-15-Semaine-11,9,8069,1757368042,1757368042
6429342-15_R_99_1502_23:40-SETP2025-15-Semaine-11,10,8127,,1757368107
6429342-15_R_99_1502_23:40-SETP2025-15-Semaine-11,11,8001,1757368177,1757368177
6429342-15_R_99_1502_23:40-SETP2025-15-Semaine-11,12,8160,1757368242,1757368242
6429342-15_R_99_1502_23:40-SETP2025-15-Semaine-11,13,8107,1757368365,1757368365
6429342-15_R_99_1502_23:40-SETP2025-15-Semaine-11,14,8072,1757368430,1757368430
6429342-15_R_99_1502_23:40-SETP2025-15-Semaine-11,15,8129,,1757368500
6429342-15_R_99_1502_23:40-SETP2025-15-Semaine-11,16,8156,1757368536,1757368536
6429342-15_R_99_1502_23:40-SETP2025-15-Semaine-11,17,789,1757368643,1757368643
6429342-15_R_99_1502_23:40-SETP2025-15-Semaine-11,18,97,1757368681,1757368681
6429342-15_R_99_1502_23:40-SETP2025-15-Semaine-11,19,512,1757368740,1757368740
6429342-15_R_99_1502_23:40-SETP2025-15-Semaine-11,20,887,1757368827,1757368827
6429342-15_R_99_1502_23:40-SETP2025-15-Semaine-11,21,769,1757368923,1757368923
6429342-15_R_99_1502_23:40-SETP2025-15-Semaine-11,22,704,1757368949,1757368949
6429342-15_R_99_1502_23:40-SETP2025-15-Semaine-11,23,1181,1757368995,1757368995
6429342-15_R_99_1502_23:40-SETP2025-15-Semaine-11,24,1020,1757369026,1757369026
6429342-15_R_99_1502_23:40-SETP2025-15-Semaine-11,25,498,1757369065,1757369065
6429342-15_R_99_1502_23:40-SETP2025-15-Semaine-11,26,179,1757369124,1757369124
6429342-15_R_99_1502_23:40-SETP2025-15-Semaine-11,27,700,1757369178,1757369178
6429342-15_R_99_1502_23:40-SETP2025-15-Semaine-11,28,463,1757369280,1757369280
6429342-15_R_99_1502_23:40-SETP2025-15-Semaine-11,29,2581,1757369520,
6005424-B_A_50_VTB01_22:40-JANV2025-B-Semaine-03,0,2645,,1757364000
6005424-B_A_50_VTB01_22:40-JANV2025-B-Semaine-03,1,2636,1757364180,1757364180
6005424-B_A_50_VTB01_22:40-JANV2025-B-Semaine-03,2,2633,1757364300,1757364300
6005424-B_A_50_VTB01_22:40-JANV2025-B-Semaine-03,3,2779,1757364480,1757364480
6005424-B_A_50_VTB01_22:40-JANV2025-B-Semaine-03,4,2629,1757364600,1757364600
4523348-88_A_49_8801_19:30-RESEAU2023-88-Semaine-83-1101100,0,2577,,1757370415
4523348-88_A_49_8801_19:30-RESEAU2023-88-Semaine-83-1101100,2,1282,,1757370686
4523348-88_A_49_8801_19:30-RESEAU2023-88-Semaine-83-1101100,3,556,,1757370751
4523348-88_A_49_8801_19:30-RESEAU2023-88-Semaine-83-1101100,21,7045,1757373415,
6170735-L3_R_97__21:48-JANV2025-L3-Semaine-09,16,2635,1757362990,1757363023
6170735-L3_R_97__21:48-JANV2025-L3-Semaine-09,17,2801,1757363192,1757363192
6170735-L3_R_97__21:48-JANV2025-L3-Semaine-09,18,2799,1757363240,1757363240
6170735-L3_R_97__21:48-JANV2025-L3-Semaine-09,19,2797,1757363372,1757363372
6170735-L3_R_97__21:48-JANV2025-L3-Semaine-09,20,2795,1757363492,1757363492
6170735-L3_R_97__21:48-JANV2025-L3-Semaine-09,21,2793,1757363612,1757363612
6170735-L3_R_97__21:48-JANV2025-L3-Semaine-09,22,2790,1757363732,
6005423-B_A_50_VTB04_23:00-JANV2025-B-Semaine-03,0,2645,,1757365200
